id,y
1,78.46498107910156
2,95.78423309326172
3,82.2884750366211
4,78.55836486816406
5,109.95243835449219
8,92.58195495605469
10,108.13388061523438
11,94.31405639648438
12,114.80530548095703
14,93.5986328125
15,114.72509765625
16,108.49885559082031
17,94.90779113769531
19,94.17540740966797
20,105.0431900024414
21,94.90779113769531
22,115.74720001220703
23,94.90779113769531
26,94.80677795410156
28,93.68051147460938
29,94.90779113769531
33,94.90779113769531
35,93.45185852050781
41,94.90779113769531
42,94.73849487304688
43,115.73323059082031
45,103.9397201538086
46,104.32743835449219
51,94.42032623291016
53,88.09326171875
55,107.29840850830078
56,98.66634368896484
57,108.01243591308594
58,94.57604217529297
59,107.9277114868164
63,108.17298126220703
64,94.95874786376953
65,107.62398529052734
69,94.20011138916016
71,95.0344467163086
72,105.03390502929688
73,94.10570526123047
76,108.78767395019531
77,95.08015441894531
78,113.12727355957031
82,93.86226654052734
83,107.62398529052734
84,100.16226196289062
85,104.63884735107422
87,109.5647964477539
88,94.90779113769531
89,112.91378784179688
91,97.95951080322266
93,99.1741943359375
94,107.76496887207031
95,95.84412384033203
96,111.71952056884766
97,93.9075698852539
98,110.10809326171875
99,93.64718627929688
101,104.56452941894531
103,112.91378784179688
104,93.98426055908203
105,108.20343017578125
110,97.55192565917969
111,101.95104217529297
113,108.92051696777344
114,96.6689682006836
115,98.38756561279297
117,112.91378784179688
120,95.03759765625
121,110.55878448486328
122,94.8149642944336
123,108.5004653930664
126,103.4021224975586
132,112.00553131103516
135,109.5286865234375
137,102.25386047363281
138,95.05919647216797
140,100.0019302368164
142,101.77841186523438
144,111.44947052001953
148,93.75389099121094
149,122.33027648925781
155,98.1982421875
156,109.17172241210938
157,93.9075698852539
162,110.83224487304688
163,93.8841781616211
167,94.07244873046875
172,115.73323059082031
179,109.58259582519531
180,94.08866882324219
181,109.41344451904297
182,99.62271118164062
183,112.91378784179688
185,112.91378784179688
187,110.22164916992188
188,93.87422943115234
189,95.82542419433594
191,92.9833755493164
192,108.73367309570312
193,95.39847564697266
194,110.23463439941406
195,95.13541412353516
196,113.50222778320312
198,94.87843322753906
199,111.99185180664062
201,104.87570190429688
204,94.00851440429688
205,108.62100219726562
206,100.91165161132812
210,100.02478790283203
211,104.56452941894531
216,112.02788543701172
219,114.80530548095703
220,93.69144439697266
221,110.20941925048828
226,109.41344451904297
227,95.60030364990234
228,110.68679809570312
230,107.71455383300781
231,93.9075698852539
235,116.1069107055664
236,94.7682876586914
238,109.98404693603516
242,108.31172180175781
243,97.0771484375
244,80.81826782226562
245,109.77763366699219
247,110.74627685546875
248,93.00735473632812
249,94.26802062988281
250,110.28096771240234
251,94.7682876586914
253,116.1069107055664
254,94.40203094482422
256,93.95257568359375
257,92.89778137207031
258,101.95094299316406
259,93.63851928710938
262,80.40414428710938
266,94.02487182617188
267,110.26081848144531
272,106.24241638183594
273,112.91378784179688
275,99.83855438232422
276,112.43722534179688
279,94.71723175048828
280,107.62398529052734
283,93.63488006591797
285,110.86531066894531
288,112.91378784179688
289,98.08132934570312
290,105.0614242553711
291,94.88481140136719
292,111.26033020019531
293,111.40853118896484
296,101.00703430175781
297,104.27682495117188
298,113.07156372070312
299,94.07154846191406
304,93.4527359008789
305,79.25988006591797
306,93.950439453125
307,109.49823760986328
311,104.17964172363281
313,110.1594009399414
314,93.82476806640625
316,96.88224792480469
324,96.84537506103516
327,97.6434326171875
329,93.49010467529297
330,110.18946838378906
337,106.1729965209961
338,95.9975814819336
339,106.3489761352539
340,95.05974578857422
343,92.82014465332031
345,114.72509765625
346,95.31395721435547
347,110.17953491210938
349,99.80448150634766
350,94.08470153808594
352,102.24801635742188
353,94.84307098388672
354,80.28834533691406
357,93.77760314941406
358,105.60041046142578
362,110.43365478515625
364,104.33768463134766
365,105.01105499267578
366,94.58232879638672
367,108.68382263183594
368,94.0313491821289
370,80.39412689208984
373,93.73162078857422
377,93.49321746826172
378,110.50392150878906
382,108.78767395019531
384,110.73571014404297
390,95.4876480102539
392,107.92789459228516
393,111.43711853027344
395,100.82184600830078
396,107.49457550048828
399,79.6338882446289
406,110.1594009399414
408,110.1594009399414
409,93.88093566894531
410,78.29898834228516
412,109.08187103271484
413,92.31157684326172
419,95.44244384765625
420,110.6089859008789
421,92.58195495605469
430,95.73196411132812
434,93.50312042236328
436,94.40638732910156
437,96.77581024169922
438,93.4651870727539
439,107.7995376586914
440,99.38455963134766
443,111.52613067626953
446,94.30448913574219
448,95.9776611328125
452,96.02643585205078
453,106.98937225341797
457,105.04803466796875
458,97.24436950683594
459,113.58831024169922
460,102.1965560913086
462,108.4939193725586
464,101.82227325439453
465,114.80530548095703
467,110.21369934082031
471,103.95232391357422
472,79.4459228515625
473,96.31100463867188
475,93.29679870605469
480,96.7163314819336
488,111.5989761352539
490,109.49823760986328
491,104.53507232666016
492,81.90936279296875
493,96.0172119140625
497,93.71644592285156
498,108.75316619873047
499,93.23258209228516
500,100.14596557617188
501,97.24436950683594
502,111.66109466552734
506,89.69419860839844
510,109.23211669921875
511,93.81490325927734
512,93.46339416503906
516,96.02809143066406
518,93.93518829345703
519,110.31719970703125
521,94.37195587158203
522,108.26545715332031
526,111.49522399902344
529,100.9727783203125
532,110.93780517578125
533,100.120849609375
536,112.46891021728516
537,93.6070785522461
539,94.22562408447266
540,104.57991027832031
541,95.131103515625
543,95.82542419433594
546,111.05769348144531
547,95.92453002929688
548,79.8780517578125
551,93.56693267822266
552,102.86856079101562
556,105.47921752929688
557,97.5854263305664
558,108.68382263183594
559,92.76506805419922
560,109.7522964477539
562,108.68342590332031
566,95.943115234375
570,108.75316619873047
571,96.77581024169922
572,106.7135238647461
573,94.10570526123047
575,114.80530548095703
576,100.77355194091797
577,94.50851440429688
579,93.19369506835938
580,112.35648345947266
581,112.00553131103516
589,109.49823760986328
591,104.69499206542969
593,93.5548095703125
594,101.2246322631836
595,96.3679428100586
598,93.5027847290039
602,109.78844451904297
604,110.77513122558594
606,100.98812103271484
608,94.58232879638672
609,104.61077117919922
610,94.46075439453125
616,109.78844451904297
617,94.7375259399414
618,100.93737030029297
620,106.28861999511719
622,110.17071533203125
623,92.29135131835938
624,95.78844451904297
626,111.15843200683594
628,110.79084777832031
629,98.05950164794922
630,107.66243743896484
637,95.63302612304688
638,105.94641876220703
643,98.32986450195312
645,96.7163314819336
646,109.68876647949219
648,98.48652648925781
652,93.53661346435547
653,96.81468963623047
654,108.75316619873047
656,105.32223510742188
657,101.36607360839844
659,102.10655212402344
660,107.48231506347656
663,94.277099609375
664,109.27677154541016
666,101.55121612548828
668,104.16754150390625
669,96.9222412109375
671,96.10291290283203
675,94.91133880615234
677,96.80400848388672
678,103.82791137695312
679,105.24549102783203
682,96.1244125366211
685,107.05806732177734
687,95.04975128173828
688,93.48896789550781
693,108.76042938232422
696,97.99852752685547
698,93.82359313964844
701,97.03488159179688
704,107.21064758300781
705,114.8616714477539
709,107.92225646972656
710,95.98623657226562
711,104.31982421875
712,95.20550537109375
714,108.2449722290039
715,89.49895477294922
716,109.7093734741211
717,95.02403259277344
720,114.80776977539062
721,92.9833755493164
724,103.8109359741211
725,94.27558135986328
726,110.0125503540039
728,111.16919708251953
731,95.08293151855469
734,104.91046905517578
738,93.99945068359375
745,110.9305419921875
746,93.54161071777344
751,80.54240417480469
754,93.68168640136719
756,95.36512756347656
758,95.22886657714844
759,103.64329528808594
761,115.99889373779297
766,105.43943786621094
767,109.9298324584961
768,92.29135131835938
769,111.03484344482422
770,93.91439819335938
771,81.90936279296875
772,104.4651870727539
773,93.66169738769531
774,106.69551086425781
776,110.86531066894531
777,101.98277282714844
780,116.85688781738281
782,104.57991027832031
787,104.8560791015625
788,94.10570526123047
792,92.3376693725586
793,109.9194107055664
798,94.93116760253906
800,92.64469909667969
806,109.7093734741211
809,111.80436706542969
811,105.75760650634766
812,94.10547637939453
814,114.80530548095703
816,103.78137969970703
817,98.4237289428711
818,101.94103240966797
820,109.57386779785156
823,96.58794403076172
829,93.06398010253906
830,104.6950454711914
831,92.59075164794922
834,109.87004852294922
839,100.44537353515625
841,82.76435852050781
844,104.52175903320312
845,96.51594543457031
848,93.4527359008789
850,100.9720687866211
851,102.39404296875
852,93.38475036621094
854,94.7070083618164
855,97.22537231445312
856,103.94229125976562
859,99.18547058105469
861,106.69551086425781
864,95.8204345703125
865,108.40655517578125
866,93.64075469970703
867,94.24813842773438
869,94.68788146972656
871,95.10983276367188
872,109.7093734741211
882,104.68992614746094
883,93.50312042236328
885,94.09085845947266
888,97.69638061523438
893,107.30339050292969
901,109.79361724853516
903,104.53507232666016
904,92.5992202758789
905,103.65193939208984
910,96.60112762451172
911,109.92772674560547
914,112.01824951171875
918,102.51644897460938
921,92.33049774169922
928,96.84148406982422
929,105.28749084472656
932,102.13639831542969
933,98.64707946777344
934,96.60112762451172
935,111.33712768554688
937,79.9754409790039
939,93.86226654052734
940,99.9643325805664
941,97.26718139648438
942,102.83984375
943,93.38180541992188
944,102.6859359741211
947,109.7093734741211
949,110.25625610351562
951,109.71673583984375
952,101.65616607666016
953,104.53507232666016
954,80.24476623535156
957,110.27202606201172
959,92.34539794921875
960,110.9597396850586
963,114.80530548095703
965,109.7093734741211
967,106.15621948242188
971,96.75302124023438
972,80.5689697265625
973,92.26985931396484
974,112.0968017578125
975,96.24434661865234
978,99.54735565185547
980,103.83889770507812
981,94.56592559814453
984,112.02154541015625
986,96.60112762451172
988,92.29135131835938
989,105.81106567382812
990,103.36625671386719
992,109.79361724853516
996,96.68582916259766
999,108.42930603027344
1000,97.49407958984375
1001,108.40655517578125
1002,92.59690856933594
1003,110.86531066894531
1004,93.54615783691406
1008,110.2730712890625
1009,93.82398986816406
1010,105.15167236328125
1012,109.82754516601562
1013,93.8140869140625
1014,102.96697235107422
1015,94.88267517089844
1016,114.75904846191406
1019,97.61840057373047
1020,108.9122543334961
1021,96.60112762451172
1022,106.22777557373047
1024,96.60112762451172
1025,79.07555389404297
1027,94.70433807373047
1028,105.28325653076172
1029,95.76701354980469
1030,93.33007049560547
1033,111.88903045654297
1036,96.07682037353516
1037,108.21647644042969
1038,94.6683349609375
1042,93.86226654052734
1043,102.9122314453125
1044,102.43756103515625
1045,110.27970123291016
1047,112.76815795898438
1050,95.80865478515625
1051,107.29178619384766
1054,96.5968246459961
1056,94.56592559814453
1057,93.5143051147461
1059,94.90304565429688
1062,107.43171691894531
1063,100.25244140625
1064,94.56592559814453
1066,93.82078552246094
1070,106.34208679199219
1076,110.96273803710938
1077,101.27437591552734
1078,112.21998596191406
1080,110.71792602539062
1082,102.58120727539062
1083,97.69638061523438
1089,102.92273712158203
1091,97.69638061523438
1093,94.02863311767578
1097,94.79749298095703
1099,94.0236587524414
1101,96.60112762451172
1103,93.77285766601562
1104,111.3348159790039
1106,111.14594268798828
1109,93.75045013427734
1110,110.19680786132812
1111,97.2489013671875
1112,114.14688873291016
1114,94.23688507080078
1116,96.3663558959961
1117,110.85250854492188
1120,95.8491439819336
1124,110.14408111572266
1125,94.67485809326172
1126,111.390625
1134,109.81368255615234
1137,94.20381164550781
1138,112.6172866821289
1144,110.50761413574219
1145,96.4546890258789
1146,93.82476806640625
1148,95.21263122558594
1150,95.87030792236328
1152,104.55069732666016
1153,93.79177856445312
1154,104.99951934814453
1155,94.10570526123047
1157,94.01749420166016
1162,94.10570526123047
1165,110.86531066894531
1166,95.79752349853516
1167,107.01254272460938
1168,96.64740753173828
1169,99.18547058105469
1171,116.1162109375
1172,97.66162109375
1173,99.18547058105469
1174,97.1246337890625
1176,97.99620819091797
1177,102.44941711425781
1178,93.89301300048828
1182,111.34452819824219
1186,96.7163314819336
1187,101.60399627685547
1188,94.26802062988281
1189,115.8212890625
1191,108.56603240966797
1192,94.2614974975586
1197,110.53430938720703
1198,94.33480834960938
1200,78.68159484863281
1201,96.02643585205078
1203,97.50312805175781
1209,114.80530548095703
1214,104.4675064086914
1218,110.82398986816406
1222,95.6202163696289
1226,93.20339965820312
1228,97.33187866210938
1230,95.54750061035156
1232,80.34483337402344
1233,97.89105224609375
1236,112.71214294433594
1238,94.22130584716797
1241,110.50761413574219
1244,106.29595184326172
1246,95.6292953491211
1247,109.75094604492188
1250,108.60181427001953
1251,96.95547485351562
1254,102.38457489013672
1255,96.08451080322266
1256,107.54105377197266
1257,93.90972137451172
1258,101.66401672363281
1259,110.42743682861328
1260,94.72642517089844
1263,110.08883666992188
1267,79.38136291503906
1268,110.66436004638672
1271,94.26374053955078
1272,107.30339050292969
1274,105.9418716430664
1275,94.10570526123047
1276,107.30675506591797
1277,94.15768432617188
1279,93.82476806640625
1281,104.71142578125
1282,94.26802062988281
1283,110.29119110107422
1285,103.55705261230469
1286,94.31726837158203
1289,110.63520812988281
1296,120.03450012207031
1299,96.02288055419922
1301,96.71802520751953
1306,93.69331359863281
1307,94.1502685546875
1308,94.01687622070312
1313,107.30675506591797
1314,95.56843566894531
1315,110.19680786132812
1316,94.27000427246094
1317,106.91435241699219
1319,93.44691467285156
1323,95.22388458251953
1324,106.3703384399414
1325,94.03034973144531
1328,95.41862487792969
1329,91.95306396484375
1330,106.69551086425781
1331,101.41031646728516
1332,96.04088592529297
1337,97.12835693359375
1338,109.58692932128906
1339,94.37195587158203
1340,104.29745483398438
1343,110.68830108642578
1347,106.92059326171875
1348,97.34468078613281
1349,108.73815155029297
1352,93.82476806640625
1354,97.37046813964844
1359,109.09471130371094
1360,95.21489715576172
1363,106.91435241699219
1364,97.61153411865234
1365,102.1819839477539
1366,94.87875366210938
1372,100.04862976074219
1375,104.9752197265625
1376,93.56925201416016
1378,94.84099578857422
1379,109.3652114868164
1380,96.60112762451172
1381,99.18547058105469
1384,100.49272918701172
1387,96.02288055419922
1388,111.00462341308594
1392,79.15067291259766
1394,106.74922180175781
1395,93.48298645019531
1396,110.1594009399414
1398,94.88238525390625
1399,110.1594009399414
1400,95.33712005615234
1401,93.89601135253906
1403,100.98522186279297
1404,106.188720703125
1406,110.1594009399414
1407,94.32698059082031
1408,110.32986450195312
1410,79.26348114013672
1412,109.49823760986328
1413,94.22219848632812
1415,95.09788513183594
1420,110.32986450195312
1422,110.2865982055664
1423,101.54267883300781
1424,110.32986450195312
1425,96.00173950195312
1426,79.26348114013672
1427,97.50312805175781
1429,90.9682846069336
1430,110.8631362915039
1431,97.23217010498047
1432,96.26850891113281
1434,109.35387420654297
1437,94.22750854492188
1438,103.56746673583984
1440,108.02733612060547
1441,108.87408447265625
1442,93.75975799560547
1444,108.40449523925781
1445,95.58434295654297
1446,104.76870727539062
1448,93.55397033691406
1453,93.92129516601562
1454,109.49823760986328
1455,94.27108764648438
1456,102.32416534423828
1458,109.49823760986328
1459,94.18167114257812
1461,93.43549346923828
1465,96.02288055419922
1466,109.11503601074219
1469,95.22388458251953
1472,93.92129516601562
1474,97.81790924072266
1477,111.15495300292969
1479,109.30070495605469
1482,101.5333023071289
1483,80.36589050292969
1487,94.73527526855469
1488,108.73882293701172
1490,110.37383270263672
1492,104.42431640625
1494,115.35372161865234
1496,103.92652130126953
1497,104.61044311523438
1499,97.66191864013672
1502,97.07781982421875
1507,106.10929107666016
1508,93.82476806640625
1509,109.30015563964844
1511,93.46459197998047
1512,111.11201477050781
1513,113.15193939208984
1514,108.13002014160156
1518,107.78620910644531
1519,92.31157684326172
1522,110.87643432617188
1524,78.68159484863281
1527,93.75975799560547
1529,94.53672790527344
1532,107.0035400390625
1536,109.7348861694336
1537,114.79331970214844
1539,105.7944564819336
1542,111.5568618774414
1543,93.56925201416016
1544,106.28499603271484
1545,79.25076293945312
1550,93.65240478515625
1551,111.08187103271484
1554,108.48506164550781
1556,104.55069732666016
1559,93.90972137451172
1560,79.363525390625
1562,93.91439819335938
1566,92.64353942871094
1567,107.74129486083984
1569,105.04602813720703
1570,114.69139099121094
1571,110.80054473876953
1574,93.82476806640625
1578,104.93148803710938
1580,93.12045288085938
1583,107.47380065917969
1584,93.82476806640625
1585,110.91865539550781
1586,97.08123016357422
1587,110.86531066894531
1588,92.33049774169922
1590,113.70401763916016
1592,103.39080810546875
1596,106.34895324707031
1598,110.58818054199219
1599,94.26776123046875
1604,107.72644805908203
1606,104.61766052246094
1607,94.22219848632812
1608,103.9657211303711
1609,115.57869720458984
1611,94.09019470214844
1613,94.64508819580078
1616,101.20193481445312
1619,104.95256042480469
1620,93.81851959228516
1621,107.85237884521484
1622,98.55695343017578
1625,109.4576644897461
1627,115.57869720458984
1629,104.11152648925781
1634,94.38814544677734
1636,94.52106475830078
1638,105.09648132324219
1639,97.90311431884766
1641,97.60707092285156
1643,93.5986328125
1644,101.91561126708984
1645,116.68115234375
1646,93.77757263183594
1647,108.65718078613281
1648,94.34160614013672
1652,93.12045288085938
1653,111.3580322265625
1656,94.17781066894531
1658,94.26776123046875
1659,110.19788360595703
1661,105.0941390991211
1663,94.22219848632812
1664,108.88358306884766
1665,94.27108764648438
1666,104.55069732666016
1667,91.19495391845703
1668,80.88475036621094
1669,101.90660095214844
1670,93.53754425048828
1672,110.62582397460938
1674,103.1052017211914
1677,108.73882293701172
1678,92.47053527832031
1679,108.67208099365234
1680,99.75872039794922
1683,104.41593933105469
1686,99.07984161376953
1687,111.51548767089844
1689,109.03861236572266
1690,93.48971557617188
1691,114.80776977539062
1692,109.12674713134766
1693,93.82476806640625
1695,96.69886016845703
1696,93.92129516601562
1697,110.16870880126953
1700,104.55069732666016
1701,95.54829406738281
1702,111.83619689941406
1703,92.27243041992188
1704,106.61993408203125
1706,93.93354797363281
1707,112.02154541015625
1708,94.64209747314453
1710,95.05628967285156
1711,102.29776763916016
1713,107.3631591796875
1717,102.51304626464844
1719,104.93148803710938
1720,94.22032165527344
1722,96.46611022949219
1725,103.41061401367188
1726,94.57526397705078
1727,96.8703842163086
1729,109.71493530273438
1730,90.32691955566406
1731,111.56971740722656
1733,104.55069732666016
1734,95.70466613769531
1735,110.2865982055664
1738,94.64508819580078
1742,98.93366241455078
1745,103.1052017211914
1747,95.73027038574219
1749,94.40644073486328
1751,94.90436553955078
1752,78.68842315673828
1753,101.2081069946289
1754,94.99504089355469
1755,93.29679870605469
1756,106.4823989868164
1758,111.75881958007812
1759,94.25271606445312
1760,105.07655334472656
1761,109.61600494384766
1762,94.12336730957031
1763,110.30477905273438
1764,101.51089477539062
1766,94.0075912475586
1768,96.65802001953125
1769,79.38136291503906
1771,106.98895263671875
1772,102.22370910644531
1773,102.6329345703125
1774,94.36470794677734
1775,106.45564270019531
1777,111.12603759765625
1779,94.25271606445312
1780,107.64864349365234
1787,92.27243041992188
1788,95.22063446044922
1790,94.9205322265625
1796,109.19485473632812
1801,92.69526672363281
1803,94.20346069335938
1807,108.16560363769531
1809,109.23267364501953
1812,94.6587905883789
1813,110.45668029785156
1814,100.36341094970703
1815,104.07026672363281
1816,93.88610076904297
1818,94.37004089355469
1820,93.58975219726562
1821,112.76815795898438
1822,94.1709976196289
1825,98.33850860595703
1826,102.66693878173828
1828,94.2119140625
1831,106.6221694946289
1836,100.12667083740234
1837,94.86553955078125
1841,97.68019104003906
1844,104.74929809570312
1848,95.22119903564453
1851,105.32029724121094
1852,97.61153411865234
1853,92.59517669677734
1854,103.21212005615234
1856,96.5899429321289
1859,109.23267364501953
1860,94.75730895996094
1861,79.99246978759766
1863,106.02693939208984
1865,98.55731201171875
1866,107.67684173583984
1867,93.57356262207031
1868,92.27243041992188
1872,95.94900512695312
1879,100.38277435302734
1880,104.63884735107422
1882,95.97394561767578
1885,104.47871398925781
1887,105.26113891601562
1888,94.17981719970703
1890,109.32283020019531
1894,93.83804321289062
1895,104.76873779296875
1896,93.66577911376953
1897,109.25788879394531
1900,111.44805145263672
1901,93.90972137451172
1902,111.25826263427734
1905,93.7975082397461
1906,110.43475341796875
1912,104.53507232666016
1915,93.48187255859375
1916,107.31944274902344
1917,92.1750259399414
1918,102.21147918701172
1920,78.83604431152344
1923,96.65966796875
1924,102.07512664794922
1925,94.49038696289062
1930,115.5379867553711
1932,110.12572479248047
1933,95.248779296875
1934,111.42398071289062
1935,93.90972137451172
1940,79.38136291503906
1941,94.7748031616211
1942,111.7412338256836
1943,100.41898345947266
1944,93.49703979492188
1945,100.4037857055664
1948,114.43533325195312
1949,96.452880859375
1952,95.60920715332031
1954,93.82476806640625
1955,110.41635131835938
1958,93.73802947998047
1959,84.15068817138672
1960,110.30477905273438
1963,94.19613647460938
1965,103.50519561767578
1968,107.09736633300781
1969,97.63761138916016
1971,94.19613647460938
1972,112.99913024902344
1973,92.3342056274414
1975,92.55215454101562
1977,101.7367935180664
1978,96.54270935058594
1979,109.38865661621094
1981,92.33792114257812
1982,108.21500396728516
1987,110.99967193603516
1988,92.65196990966797
1993,97.0583267211914
1997,96.04995727539062
1999,95.46700286865234
2001,94.64508819580078
2002,112.74378967285156
2003,93.6947250366211
2004,81.44639587402344
2006,110.85470581054688
2007,94.19220733642578
2009,105.1033706665039
2010,96.5765151977539
2013,94.27928161621094
2018,82.44607543945312
2022,105.48126220703125
2024,109.925537109375
2025,95.58434295654297
2026,104.37194061279297
2030,105.0431900024414
2031,94.23200225830078
2032,104.53507232666016
2033,95.44937133789062
2035,97.97705078125
2036,111.4531478881836
2037,92.64469909667969
2040,94.73393249511719
2043,109.24246215820312
2044,105.955322265625
2046,99.68968200683594
2054,110.00103759765625
2055,95.25331115722656
2056,107.64864349365234
2059,94.11378479003906
2060,93.90972137451172
2062,92.21961975097656
2063,110.625
2066,93.83804321289062
2067,113.18180847167969
2072,94.2999038696289
2073,106.84122467041016
2074,94.20184326171875
2075,109.94744873046875
2076,94.25534057617188
2080,94.28490447998047
2082,93.90972137451172
2085,106.27735900878906
2087,110.9947509765625
2091,109.70667266845703
2092,96.85111236572266
2093,107.64864349365234
2098,95.33650207519531
2101,110.30477905273438
2102,94.32707214355469
2103,79.38136291503906
2105,107.63922119140625
2106,93.86226654052734
2107,110.71511840820312
2110,96.02643585205078
2114,97.5758285522461
2115,111.40383911132812
2117,90.53533935546875
2118,93.23861694335938
2119,105.16753387451172
2120,92.82615661621094
2122,95.8491439819336
2123,109.90216064453125
2126,94.17540740966797
2127,106.79598236083984
2128,96.81114959716797
2129,108.76203918457031
2132,99.50148010253906
2135,104.56159973144531
2138,97.68235778808594
2139,115.5379867553711
2141,100.51609802246094
2142,96.58390808105469
2146,93.50770568847656
2151,108.9744644165039
2157,105.37229919433594
2159,109.97068786621094
2162,93.87422943115234
2164,114.75904846191406
2167,93.04009246826172
2168,107.37811279296875
2171,95.27816009521484
2173,94.19613647460938
2174,107.89974975585938
2175,94.72708129882812
2178,94.10570526123047
2180,95.08482360839844
2185,111.15843200683594
2189,93.87091827392578
2190,111.79320526123047
2192,103.44184112548828
2194,112.79315185546875
2200,101.81158447265625
2201,93.66339111328125
2203,110.890869140625
2204,93.6947250366211
2205,111.91490936279297
2209,99.56072998046875
2213,100.46758270263672
2214,97.06085968017578
2215,108.26335906982422
2216,93.66339111328125
2218,94.298583984375
2219,104.71189880371094
2220,95.21489715576172
2222,92.65001678466797
2223,110.2710189819336
2225,107.68289947509766
2226,93.92060852050781
2230,95.59548950195312
2233,111.642333984375
2234,111.780029296875
2235,93.6947250366211
2236,78.76814270019531
2237,95.89155578613281
2240,113.56463623046875
2241,94.52841186523438
2248,102.19390869140625
2249,96.27037048339844
2250,105.68254089355469
2252,110.42862701416016
2253,94.15108489990234
2254,111.1055908203125
2256,78.62976837158203
2258,94.21880340576172
2259,111.14803314208984
2262,94.83190155029297
2265,94.10570526123047
2266,104.97742462158203
2269,99.67308044433594
2271,97.77037811279297
2273,92.65233612060547
2274,111.60816955566406
2275,93.66339111328125
2277,95.63375854492188
2279,93.6947250366211
2280,79.14801788330078
2282,95.08482360839844
2283,101.09842681884766
2288,92.63465881347656
2289,104.9353256225586
2291,93.71019744873047
2292,114.68394470214844
2297,96.4059066772461
2298,107.12031555175781
2299,98.46166229248047
2300,111.31352233886719
2301,93.35181427001953
2304,95.25331115722656
2305,98.31803894042969
2306,94.83190155029297
2308,95.04887390136719
2309,107.20806884765625
2311,100.83989715576172
2312,106.05355834960938
2316,106.12584686279297
2321,102.31375122070312
2322,111.34229278564453
2325,105.34133911132812
2326,96.69539642333984
2329,114.68394470214844
2330,95.63375854492188
2331,98.80525207519531
2332,111.19770812988281
2333,94.83190155029297
2334,103.67477416992188
2335,107.2590103149414
2337,109.87750244140625
2338,98.14764404296875
2340,111.19770812988281
2342,93.75709533691406
2345,93.95025634765625
2349,94.17290496826172
2351,78.946044921875
2352,93.7115478515625
2354,110.02819061279297
2355,109.97209930419922
2357,107.68289947509766
2358,95.04084777832031
2360,93.93734741210938
2361,110.02819061279297
2364,93.89301300048828
2366,95.59146118164062
2369,108.75543975830078
2370,94.97669219970703
2371,111.24752044677734
2373,108.2108383178711
2374,95.79033660888672
2376,110.86531066894531
2378,105.1287841796875
2382,97.70770263671875
2383,93.81068420410156
2386,107.50006103515625
2387,96.420166015625
2389,95.28268432617188
2390,98.18405151367188
2392,94.257080078125
2398,111.19770812988281
2399,92.74225616455078
2400,94.30776977539062
2401,107.25544738769531
2402,97.24436950683594
2404,93.65154266357422
2407,105.01203918457031
2408,110.01602172851562
2409,111.04013061523438
2412,89.1639633178711
2413,96.12818145751953
2415,95.76969909667969
2420,97.90204620361328
2422,104.4197998046875
2423,105.05823516845703
2426,92.33320617675781
2432,95.00228118896484
2434,93.29129028320312
2435,94.696044921875
2436,107.29212951660156
2438,107.8931655883789
2440,110.50811767578125
2443,96.8515625
2444,94.05640411376953
2447,102.19390869140625
2450,95.1163330078125
2454,101.63688659667969
2455,111.3432846069336
2459,94.83190155029297
2460,104.87120056152344
2463,94.61579132080078
2465,95.68702697753906
2468,79.38136291503906
2469,93.6947250366211
2474,95.69145202636719
2478,96.66021728515625
2480,97.38959503173828
2481,113.56463623046875
2489,95.08482360839844
2490,105.0733413696289
2492,93.90972137451172
2496,94.83190155029297
2497,110.8167953491211
2500,94.61734771728516
2505,94.97013092041016
2507,96.6128158569336
2508,111.91490936279297
2509,94.7375259399414
2510,97.00042724609375
2513,93.40441131591797
2515,95.08482360839844
2518,93.81068420410156
2519,100.4135971069336
2520,93.81068420410156
2521,109.48303985595703
2523,110.73089599609375
2525,94.39334869384766
2529,111.89800262451172
2530,93.60259246826172
2533,107.20111083984375
2535,94.89600372314453
2538,99.79293060302734
2544,107.32315826416016
2553,111.09420776367188
2556,96.42034912109375
2558,92.56167602539062
2559,104.28743743896484
2560,97.00418853759766
2561,111.36119079589844
2562,94.11243438720703
2563,109.46119689941406
2564,93.2817153930664
2565,111.66959381103516
2567,105.43753814697266
2572,93.38695526123047
2575,95.59922790527344
2576,112.21661376953125
2577,93.99491882324219
2578,94.22562408447266
2579,110.80215454101562
2580,94.84307098388672
2582,103.08830261230469
2583,93.66973114013672
2587,94.82227325439453
2589,110.96919250488281
2590,94.3458480834961
2591,111.89800262451172
2594,94.30655670166016
2597,94.43267822265625
2598,104.5060806274414
2599,95.34727478027344
2600,99.33991241455078
2602,103.04185485839844
2603,93.38695526123047
2604,105.25251770019531
2606,109.39798736572266
2607,78.69633483886719
2608,94.36693572998047
2613,111.91490936279297
2614,93.78771209716797
2615,109.78844451904297
2617,109.206787109375
2620,95.87030792236328
2623,110.5811538696289
2624,96.47293090820312
2627,111.91490936279297
2629,78.69633483886719
2630,95.06119537353516
2632,94.25950622558594
2636,93.81414031982422
2639,101.9451675415039
2640,107.17639923095703
2642,111.89800262451172
2644,104.57398986816406
2646,107.32906341552734
2647,93.81414031982422
2649,95.77732849121094
2650,104.76403045654297
2652,104.55786895751953
2653,104.24445343017578
2655,105.33202362060547
2657,111.19770812988281
2659,110.14029693603516
2662,93.2879638671875
2663,114.15376281738281
2664,94.88481140136719
2665,104.9559097290039
2670,95.64093780517578
2671,106.63055419921875
2672,96.42349243164062
2675,104.55786895751953
2677,106.9454574584961
2679,110.8067855834961
2683,107.18196105957031
2684,93.88610076904297
2685,95.25439453125
2688,107.00732421875
2689,97.84735107421875
2690,106.24970245361328
2693,98.9994888305664
2694,111.26248931884766
2697,102.40950775146484
2699,93.92130279541016
2703,93.80030822753906
2705,103.96803283691406
2709,80.94569396972656
2710,95.20294189453125
2711,110.1465072631836
2712,94.55421447753906
2713,97.84043884277344
2714,110.43385314941406
2715,93.65210723876953
2717,92.54327392578125
2718,107.2498550415039
2720,109.48246002197266
2721,95.04574584960938
2726,93.73416900634766
2728,96.15502166748047
2731,100.3100357055664
2732,110.4218978881836
2734,93.934326171875
2736,104.75631713867188
2737,94.9757080078125
2738,104.9601821899414
2739,110.57817077636719
2746,94.23946380615234
2749,103.38542938232422
2751,116.07449340820312
2752,106.49047088623047
2753,99.35884857177734
2757,105.1033706665039
2758,92.68090057373047
2759,109.62922668457031
2760,94.20059204101562
2762,109.85863494873047
2764,94.74031066894531
2765,107.53479766845703
2769,110.77864837646484
2771,109.42352294921875
2774,93.48426818847656
2776,96.51851654052734
2777,102.1397476196289
2778,93.90972137451172
2779,111.12206268310547
2782,93.40385437011719
2784,99.7544937133789
2787,95.3571548461914
2789,93.64374542236328
2792,93.28028869628906
2798,95.18893432617188
2799,103.91996765136719
2800,95.94345092773438
2801,88.47830963134766
2802,94.14376831054688
2804,96.03523254394531
2807,102.18897247314453
2808,93.72379302978516
2809,107.5595703125
2811,113.12727355957031
2812,97.11322021484375
2814,92.45774841308594
2816,108.94355010986328
2817,109.41258239746094
2818,110.10652923583984
2820,109.52691650390625
2821,79.13005828857422
2822,93.82913970947266
2823,108.33030700683594
2824,99.35395050048828
2826,94.25371551513672
2829,93.90972137451172
2834,96.4813232421875
2835,82.07984161376953
2838,95.92478942871094
2839,108.6421890258789
2840,94.42504119873047
2841,110.10112762451172
2842,94.40933227539062
2846,112.091064453125
2848,99.88622283935547
2849,93.60167694091797
2850,110.43385314941406
2851,94.07154846191406
2853,94.00679016113281
2854,111.89800262451172
2858,110.28958892822266
2861,98.28665161132812
2864,93.90972137451172
2865,114.15376281738281
2866,109.64579772949219
2867,96.5975570678711
2868,111.47982025146484
2870,112.11949920654297
2877,94.18684387207031
2878,111.91490936279297
2880,111.0111312866211
2882,81.19569396972656
2883,94.0894775390625
2884,102.73291778564453
2885,97.20335388183594
2887,94.69432067871094
2888,108.00624084472656
2889,94.19613647460938
2890,104.80876922607422
2891,99.3454818725586
2892,114.77104187011719
2893,95.4744873046875
2898,109.14630126953125
2899,94.74462890625
2900,107.8616943359375
2901,93.8777084350586
2909,96.94823455810547
2910,102.10569763183594
2911,110.07917785644531
2913,106.84800720214844
2914,94.85948944091797
2918,94.33379364013672
2919,109.92491912841797
2920,94.99273681640625
2921,111.91490936279297
2922,95.52487182617188
2923,103.92704772949219
2925,109.71592712402344
2926,94.84307098388672
2927,111.84127807617188
2929,107.78620910644531
2933,93.07994079589844
2934,98.37454223632812
2936,110.03559875488281
2941,106.0700454711914
2942,94.70433807373047
2943,111.54032135009766
2945,106.0602798461914
2950,92.43559265136719
2951,111.41692352294922
2953,103.26274871826172
2954,97.60960388183594
2955,107.13493347167969
2956,95.57428741455078
2960,97.51002502441406
2962,97.00943756103516
2963,105.31294250488281
2964,104.90984344482422
2966,78.66863250732422
2967,97.82075500488281
2968,105.60649871826172
2969,92.56938171386719
2971,96.85755920410156
2972,96.4059066772461
2974,93.81462097167969
2975,109.43911743164062
2977,115.8897933959961
2980,106.57084655761719
2981,93.72482299804688
2983,94.63812255859375
2984,106.47525787353516
2985,114.54684448242188
2986,103.26548767089844
2987,96.4059066772461
2989,94.62468719482422
2990,110.56474304199219
2991,97.09652709960938
2992,79.38136291503906
2995,102.40950775146484
2996,104.78071594238281
3002,105.22380065917969
3004,109.85436248779297
3005,116.00393676757812
3006,94.55097198486328
3010,94.10700225830078
3011,103.91436767578125
3014,94.84307098388672
3015,92.9803466796875
3016,94.22547912597656
3017,109.21810913085938
3018,93.95809173583984
3021,104.60779571533203
3024,104.5060806274414
3028,94.87434387207031
3030,93.90972137451172
3032,96.28858184814453
3039,93.66577911376953
3040,98.77814483642578
3041,103.00467681884766
3043,101.17808532714844
3044,110.18991088867188
3046,108.83125305175781
3055,94.73966979980469
3056,111.31632995605469
3058,92.6623764038086
3059,102.24164581298828
3061,114.80530548095703
3063,108.48770904541016
3066,93.0442886352539
3067,104.5060806274414
3068,78.65815734863281
3069,95.16476440429688
3072,113.08855438232422
3073,109.89778137207031
3074,99.36014556884766
3077,93.1799545288086
3082,95.45460510253906
3084,102.40950775146484
3085,102.50065612792969
3088,104.57398986816406
3091,94.7586669921875
3092,109.7469253540039
3093,93.74237060546875
3094,100.3100357055664
3096,111.42398071289062
3097,93.2015380859375
3098,81.22466278076172
3102,113.14672088623047
3106,95.14922332763672
3109,94.32926177978516
3111,93.56619262695312
3112,116.00393676757812
3113,96.14446258544922
3115,94.36693572998047
3116,110.79747009277344
3117,95.76277160644531
3121,108.47065734863281
3122,94.47816467285156
3123,94.62720489501953
3124,104.85704803466797
3125,94.22547912597656
3126,102.774169921875
3127,114.72509765625
3129,93.65354919433594
3130,111.51361846923828
3132,107.41230010986328
3134,104.80398559570312
3135,94.78106689453125
3137,91.5306396484375
3138,99.01106262207031
3140,94.06820678710938
3144,108.92918395996094
3145,94.0447006225586
3146,109.78844451904297
3147,98.0481948852539
3148,99.7640151977539
3149,108.14932250976562
3150,111.62227630615234
3151,95.08470916748047
3152,96.4221420288086
3155,97.01588439941406
3156,110.4775390625
3159,93.85643768310547
3161,97.84599304199219
3162,107.25559997558594
3163,94.3853759765625
3165,104.32303619384766
3172,95.99295806884766
3173,109.81293487548828
3176,100.22246551513672
3177,104.35533905029297
3179,109.43911743164062
3183,93.40351867675781
3186,94.35176086425781
3187,100.53998565673828
3189,110.73528289794922
3190,95.44416809082031
3192,114.72509765625
3193,95.99295806884766
3194,111.34178924560547
3197,94.22795104980469
3198,97.08512878417969
3200,95.80406188964844
3201,113.55581665039062
3202,97.08512878417969
3204,94.61454010009766
3205,92.923583984375
3206,110.22198486328125
3208,105.20867156982422
3210,104.57601165771484
3211,98.70227813720703
3212,114.80530548095703
3213,95.13602447509766
3214,110.67808532714844
3216,104.80876922607422
3219,93.7774429321289
3220,104.70597839355469
3221,96.14446258544922
3226,107.5934066772461
3227,98.039306640625
3228,110.32727813720703
3229,94.28520202636719
3232,79.38136291503906
3233,94.30796813964844
3234,94.48107147216797
3236,94.56141662597656
3238,109.99676513671875
3239,111.15840148925781
3240,96.03687286376953
3247,107.08519744873047
3249,104.4367446899414
3252,110.47821807861328
3253,101.45171356201172
3254,105.58322143554688
3255,101.19624328613281
3256,111.26873016357422
3257,93.8990478515625
3262,95.47582244873047
3263,104.5289306640625
3264,95.57428741455078
3266,109.5869140625
3267,101.27909851074219
3269,98.56192779541016
3272,114.54684448242188
3274,94.22795104980469
3275,109.18993377685547
3277,97.6505355834961
3279,99.45577239990234
3280,106.25325012207031
3283,95.23819732666016
3285,94.66925811767578
3287,95.38800811767578
3288,104.5060806274414
3290,103.23330688476562
3291,95.488525390625
3298,109.42854309082031
3299,94.9256591796875
3302,108.86043548583984
3303,94.19220733642578
3304,101.81529235839844
3307,94.87434387207031
3309,93.99329376220703
3314,78.67364501953125
3316,109.56681823730469
3317,93.19256591796875
3319,95.6342544555664
3320,107.89617156982422
3321,95.11824035644531
3322,102.57827758789062
3324,93.19369506835938
3326,93.49698638916016
3329,109.56714630126953
3330,93.2015380859375
3331,110.95339965820312
3335,114.77104187011719
3337,96.58601379394531
3338,102.64019012451172
3339,99.96508026123047
3340,109.34432220458984
3341,93.69570922851562
3343,94.4933853149414
3346,93.65782928466797
3348,94.72915649414062
3351,104.3525161743164
3352,116.45237731933594
3355,92.41304016113281
3356,112.36552429199219
3358,103.7155990600586
3359,97.50627899169922
3360,107.3667984008789
3371,120.00316619873047
3372,95.6640396118164
3374,102.48944854736328
3377,102.72140502929688
3378,93.3980941772461
3380,103.57091522216797
3382,98.83560943603516
3386,98.30233764648438
3389,105.19802856445312
3391,103.09624481201172
3393,96.34230041503906
3394,105.98371124267578
3395,92.03103637695312
3397,111.91490936279297
3398,97.50955200195312
3399,82.16228485107422
3400,94.79749298095703
3404,102.5720443725586
3407,110.99444580078125
3409,105.89066314697266
3419,97.6304702758789
3421,94.25285339355469
3425,94.17974853515625
3427,78.28472137451172
3428,114.60293579101562
3429,110.91044616699219
3431,95.82635498046875
3435,95.76911163330078
3436,111.80489349365234
3439,95.99806213378906
3441,96.11067199707031
3442,114.60293579101562
3443,95.4933853149414
3444,103.6513671875
3445,93.47879791259766
3446,105.98603820800781
3449,93.90972137451172
3453,94.72319793701172
3457,98.3950424194336
3460,104.79022979736328
3461,102.96794891357422
3462,93.9271240234375
3464,108.52154541015625
3465,78.66658782958984
3466,94.7387466430664
3467,105.72396850585938
3468,95.47964477539062
3469,104.31297302246094
3470,103.52505493164062
3472,111.91490936279297
3473,94.87859344482422
3475,94.2269515991211
3476,110.40103149414062
3478,103.65193939208984
3479,102.8484115600586
3483,95.83575439453125
3484,103.09503936767578
3485,94.58869934082031
3487,95.3119888305664
3488,110.08446502685547
3496,111.876708984375
3497,101.58673095703125
3499,97.35909271240234
3500,78.76814270019531
3501,95.59922790527344
3504,96.25505828857422
3508,107.12482452392578
3511,94.02572631835938
3512,110.7726821899414
3515,96.46073913574219
3517,93.35712432861328
3518,106.12649536132812
3526,110.72903442382812
3528,103.4338150024414
3529,93.84847259521484
3530,110.58708190917969
3531,93.87657165527344
3532,102.91851043701172
3533,94.75582122802734
3534,96.02643585205078
3535,78.35037231445312
3536,93.71145629882812
3537,110.1617431640625
3538,95.13611602783203
3539,109.29566955566406
3540,99.20053100585938
3545,110.3809814453125
3546,92.33792114257812
3550,106.12004089355469
3551,100.17752075195312
3553,94.25487518310547
3554,104.79022979736328
3557,95.79519653320312
3558,108.63822937011719
3559,93.90972137451172
3561,95.94933319091797
3562,111.91490936279297
3563,93.95463562011719
3564,104.3525161743164
3565,93.47879791259766
3567,96.47415924072266
3571,104.3525161743164
3572,98.42913818359375
3574,98.46382141113281
3576,94.21221923828125
3577,110.8133773803711
3578,94.49093627929688
3579,94.17719268798828
3583,95.76412200927734
3585,98.68019104003906
3586,106.9631118774414
3587,109.19485473632812
3593,95.36791229248047
3594,100.6865005493164
3595,93.65067291259766
3599,95.1044921875
3600,104.90406799316406
3601,111.91490936279297
3602,93.90972137451172
3604,102.19522857666016
3609,113.56642150878906
3610,102.05062866210938
3612,110.08202362060547
3614,111.78923034667969
3615,96.8048095703125
3617,98.84552764892578
3618,110.64607238769531
3619,109.38966369628906
3620,110.17953491210938
3621,94.77432250976562
3625,95.0853042602539
3626,103.69926452636719
3630,103.39080810546875
3631,103.65773010253906
3632,105.91571044921875
3633,96.25505828857422
3634,110.26081848144531
3637,96.97504425048828
3639,94.2712173461914
3640,107.47147369384766
3641,94.29467010498047
3644,112.40985870361328
3645,97.01553344726562
3646,93.68644714355469
3647,95.34362030029297
3648,109.814208984375
3653,112.18049621582031
3654,94.30776977539062
3655,109.97990417480469
3659,102.774169921875
3660,95.10157012939453
3662,109.2445297241211
3666,96.76332092285156
3668,94.5318832397461
3671,96.03946685791016
3673,95.64152526855469
3674,111.23979949951172
3675,93.7070083618164
3681,93.66698455810547
3682,112.12720489501953
3686,110.66436004638672
3687,96.02217864990234
3692,81.04092407226562
3695,109.97028350830078
3696,98.26626586914062
3699,111.65408325195312
3705,113.6844482421875
3707,79.38136291503906
3708,93.53911590576172
3709,108.54095458984375
3710,95.97394561767578
3712,93.34367370605469
3715,110.67105865478516
3716,94.65800476074219
3720,105.6990966796875
3722,79.38136291503906
3726,94.50687408447266
3728,94.82734680175781
3729,111.03836822509766
3731,104.26126098632812
3735,110.02931213378906
3736,94.67578125
3739,104.38532257080078
3741,111.046630859375
3743,103.15055084228516
3744,94.9402847290039
3745,110.44700622558594
3746,102.26856231689453
3751,94.73161315917969
3753,94.73471069335938
3760,111.65118408203125
3761,95.0102310180664
3762,109.96337127685547
3763,94.59823608398438
3765,94.03900909423828
3768,120.35061645507812
3769,95.15070343017578
3770,103.19638061523438
3773,111.32699584960938
3774,95.81690216064453
3776,94.19613647460938
3778,94.65886688232422
3779,111.59894561767578
3780,95.45982360839844
3781,108.46484375
3782,95.28250885009766
3783,111.9089584350586
3784,93.84684753417969
3786,94.50687408447266
3789,108.38803100585938
3790,94.60624694824219
3793,111.5985336303711
3795,111.0111312866211
3797,99.07500457763672
3798,114.54684448242188
3800,111.80489349365234
3804,95.88260650634766
3810,95.7125015258789
3815,111.33979797363281
3816,95.88260650634766
3818,107.09491729736328
3824,111.89800262451172
3828,106.07585906982422
3830,112.30797576904297
3831,99.609375
3832,78.68842315673828
3834,111.60295104980469
3835,94.83614349365234
3836,111.29635620117188
3838,94.60531616210938
3839,114.80530548095703
3840,111.41424560546875
3845,94.66366577148438
3846,110.14029693603516
3847,93.35712432861328
3849,78.67364501953125
3853,110.8469009399414
3855,107.12482452392578
3856,92.67949676513672
3864,81.58348846435547
3865,94.67955780029297
3866,111.17259216308594
3867,93.44514465332031
3868,111.80489349365234
3869,95.58434295654297
3871,94.8720932006836
3875,102.60633087158203
3876,95.61188507080078
3878,94.82813262939453
3879,107.72360229492188
3881,111.80489349365234
3883,111.6351089477539
3884,96.46073913574219
3886,110.44384765625
3890,97.07469940185547
3893,102.60118865966797
3897,105.72900390625
3901,94.86572265625
3902,110.26351928710938
3913,110.71865844726562
3914,95.2114028930664
3916,93.8448257446289
3917,108.96856689453125
3924,105.31674194335938
3925,94.45213317871094
3928,95.72238159179688
3929,111.48590850830078
3932,95.16094207763672
3933,104.82723236083984
3934,82.80562591552734
3935,93.90972137451172
3936,94.27688598632812
3937,110.14029693603516
3938,93.73768615722656
3939,111.29635620117188
3943,94.40385437011719
3944,111.89800262451172
3945,110.59833526611328
3946,95.5596923828125
3947,108.57615661621094
3948,93.69485473632812
3949,109.99676513671875
3950,95.83650207519531
3951,109.63168334960938
3952,93.9271240234375
3953,108.5707778930664
3961,114.19806671142578
3962,94.59823608398438
3966,96.02643585205078
3967,106.7115707397461
3968,96.6727523803711
3969,109.16704559326172
3970,97.22537231445312
3971,105.0733413696289
3973,98.39081573486328
3974,112.2419204711914
3975,110.19194030761719
3977,127.56216430664062
3979,108.46298217773438
3985,100.68138885498047
3986,104.42335510253906
3988,111.18277740478516
3991,95.04167938232422
3992,103.75801849365234
3993,98.39881134033203
3994,94.325927734375
3995,111.06867980957031
4005,105.59427642822266
4007,93.7762222290039
4008,105.16753387451172
4009,93.36641693115234
4010,106.48184967041016
4011,82.26252746582031
4012,95.47571563720703
4013,105.84212493896484
4015,109.75128936767578
4016,111.1860122680664
4018,109.29411315917969
4025,94.25271606445312
4026,110.2965087890625
4028,110.26033782958984
4029,95.04395294189453
4031,95.70441436767578
4032,110.53062438964844
4033,99.65840148925781
4034,102.68301391601562
4037,94.60890197753906
4038,100.2975082397461
4039,94.60628509521484
4041,95.58434295654297
4042,109.25077819824219
4043,94.65048217773438
4044,104.82723236083984
4045,94.67855834960938
4046,111.843505859375
4047,98.7436752319336
4048,105.81835174560547
4049,96.0912857055664
4051,94.40943145751953
4052,111.84127807617188
4058,104.73299407958984
4062,108.88751220703125
4064,112.67955780029297
4067,93.73199462890625
4068,78.67364501953125
4070,94.1958236694336
4072,113.55519104003906
4074,111.89777374267578
4075,98.3626708984375
4076,110.62557220458984
4077,93.84077453613281
4078,112.3803939819336
4080,104.82723236083984
4082,108.71736145019531
4085,93.32555389404297
4086,109.49183654785156
4088,110.2965087890625
4089,97.13319396972656
4092,79.06036376953125
4094,93.40303802490234
4095,110.53995513916016
4096,94.60779571533203
4097,103.82783508300781
4102,101.17808532714844
4105,95.59876251220703
4107,110.86835479736328
4111,98.1474838256836
4112,104.88410949707031
4113,94.7387466430664
4114,105.22566223144531
4115,94.00756072998047
4116,111.70336151123047
4117,96.74933624267578
4118,95.58434295654297
4119,111.56639862060547
4120,93.7025375366211
4122,80.45463562011719
4125,94.5516128540039
4126,110.86997985839844
4129,110.67105865478516
4134,109.91122436523438
4137,95.06270599365234
4141,107.53960418701172
4142,94.07431030273438
4144,94.62948608398438
4145,105.31674194335938
4146,108.09017181396484
4150,96.69883728027344
4151,79.67544555664062
4154,93.73199462890625
4156,94.23432922363281
4157,108.98641204833984
4159,111.1860122680664
4160,93.97599029541016
4161,111.59894561767578
4168,94.95699310302734
4171,103.65193939208984
4172,111.660888671875
4173,97.37118530273438
4175,95.62739562988281
4176,104.82723236083984
4177,94.62948608398438
4178,99.31307983398438
4179,96.84912109375
4181,110.26937866210938
4183,95.04395294189453
4184,110.81510162353516
4185,93.66698455810547
4186,110.54335021972656
4188,108.31106567382812
4190,110.93193054199219
4192,93.72984313964844
4193,98.31147003173828
4194,111.85224151611328
4195,96.40250396728516
4196,78.71426391601562
4202,95.60235595703125
4203,102.44573211669922
4208,95.52250671386719
4209,107.88542938232422
4210,93.73342895507812
4211,108.95414733886719
4212,114.54684448242188
4214,103.65193939208984
4215,98.0481948852539
4216,109.9836196899414
4217,93.45973205566406
4219,95.2391357421875
4222,110.14029693603516
4224,83.41217803955078
4231,103.79850769042969
4232,95.04395294189453
4234,93.53007507324219
4236,94.62948608398438
4237,104.36664581298828
4240,102.87244415283203
4242,107.33316040039062
4243,94.92227935791016
4247,94.61470794677734
4248,109.3351058959961
4249,96.43437194824219
4254,103.42091369628906
4263,95.60559844970703
4265,110.26158142089844
4267,106.5252456665039
4268,110.7343521118164
4271,110.71552276611328
4272,98.77034759521484
4273,109.04087829589844
4274,93.1729965209961
4276,97.11300659179688
4278,94.12478637695312
4280,94.18978118896484
4281,110.5585708618164
4283,94.77420806884766
4284,108.63443756103516
4285,102.9339370727539
4286,111.57463836669922
4287,98.13316345214844
4288,109.127197265625
4289,94.24710845947266
4290,89.9980697631836
4293,93.11579895019531
4296,103.28404998779297
4297,94.69308471679688
4299,94.46949768066406
4303,110.4523696899414
4310,96.67149353027344
4312,106.88738250732422
4318,104.51248931884766
4320,97.8594970703125
4322,94.21187591552734
4323,111.8041763305664
4325,104.23919677734375
4326,111.4441146850586
4328,105.76326751708984
4330,105.67864227294922
4332,110.19524383544922
4333,97.21747589111328
4335,93.84307861328125
4336,104.94529724121094
4338,107.62728118896484
4341,93.30985260009766
4342,105.03614044189453
4344,104.73299407958984
4347,98.82733917236328
4348,104.57398986816406
4351,106.54692077636719
4352,95.00084686279297
4353,108.46227264404297
4355,103.78459930419922
4356,93.406494140625
4359,103.68516540527344
4360,94.61599731445312
4361,94.76934814453125
4364,96.9574966430664
4365,103.68836212158203
4368,93.91658782958984
4372,94.93285369873047
4374,93.1629867553711
4376,94.47877502441406
4377,107.33170318603516
4380,94.46273040771484
4383,105.8083267211914
4384,94.22562408447266
4385,106.96504974365234
4389,94.29415893554688
4391,97.45366668701172
4392,110.52550506591797
4393,93.71080780029297
4395,95.33918762207031
4396,111.02128601074219
4398,108.81614685058594
4399,101.228271484375
4401,92.58979797363281
4406,96.13951110839844
4408,103.71018981933594
4412,104.57398986816406
4415,96.88155364990234
4418,101.62775421142578
4419,93.1629867553711
4420,78.71072387695312
4422,111.89800262451172
4423,93.1629867553711
4425,93.63346862792969
4428,100.56937408447266
4431,107.27787017822266
4434,93.82568359375
4436,97.67066955566406
4437,107.4437484741211
4439,114.80530548095703
4440,95.82943725585938
4441,103.3182144165039
4444,96.25379180908203
4445,103.65193939208984
4446,94.20059204101562
4447,109.45536804199219
4452,106.25067138671875
4456,110.68548583984375
4457,93.47297668457031
4458,110.63128662109375
4460,93.406494140625
4461,114.85370635986328
4462,93.95028686523438
4465,101.31499481201172
4466,99.7365951538086
4468,97.55192565917969
4469,106.08332824707031
4472,109.32471466064453
4475,95.66340637207031
4478,93.74596405029297
4479,110.56956481933594
4480,96.32784271240234
4483,83.57351684570312
4484,94.69001770019531
4485,106.6374740600586
4486,97.22537231445312
4488,97.16516876220703
4489,107.08524322509766
4490,94.3651123046875
4491,104.70133209228516
4492,98.4603042602539
4493,106.02899932861328
4494,95.76911163330078
4495,102.57633972167969
4498,91.5306396484375
4499,93.87044525146484
4500,104.70768737792969
4503,108.3280258178711
4505,101.2998046875
4506,97.6384506225586
4507,94.1824951171875
4508,104.51248931884766
4510,110.86531066894531
4511,92.58863830566406
4513,97.37046813964844
4516,78.55925750732422
4519,94.7594985961914
4521,99.75873565673828
4531,93.8816146850586
4532,84.75741577148438
4533,98.81326293945312
4534,109.96118927001953
4536,104.51248931884766
4537,93.47297668457031
4539,96.31195068359375
4542,104.75662994384766
4545,93.82551574707031
4549,92.97107696533203
4551,97.01246643066406
4554,98.9944839477539
4556,111.73866271972656
4559,111.15625762939453
4561,111.44227600097656
4562,110.97865295410156
4566,112.9091796875
4569,95.34884643554688
4570,111.02128601074219
4573,96.01268768310547
4574,104.90385437011719
4575,93.5497817993164
4577,95.52589416503906
4578,110.14029693603516
4580,110.9749526977539
4582,93.90972137451172
4583,111.89800262451172
4585,93.44197082519531
4587,104.51248931884766
4595,93.45233917236328
4596,107.31959533691406
4601,95.56974029541016
4602,112.12760162353516
4603,94.34160614013672
4605,108.28666687011719
4606,95.45420837402344
4607,110.80868530273438
4608,98.38377380371094
4610,93.76874542236328
4613,106.8254623413086
4617,94.65070343017578
4618,110.07552337646484
4619,93.72984313964844
4620,95.50325775146484
4622,95.39742279052734
4625,93.406494140625
4626,104.51248931884766
4627,94.57435607910156
4629,90.27035522460938
4631,92.86854553222656
4633,104.51248931884766
4634,108.24331665039062
4635,96.54036712646484
4639,97.92547607421875
4640,107.79225158691406
4642,106.9052963256836
4644,108.15936279296875
4646,104.51248931884766
4647,94.22257995605469
4648,92.57966613769531
4649,95.5616455078125
4650,107.78035736083984
4655,92.97107696533203
4660,93.03954315185547
4661,111.38838958740234
4662,93.20874786376953
4663,111.70195007324219
4665,93.6947250366211
4666,107.46540832519531
4667,102.94324493408203
4668,94.94123077392578
4670,93.91322326660156
4671,106.97264099121094
4672,96.57691192626953
4673,102.9486312866211
4675,104.03235626220703
4676,95.24040985107422
4677,97.70258331298828
4680,94.10787200927734
4682,96.04483032226562
4683,111.4337158203125
4685,104.57398986816406
4686,95.46639251708984
4688,111.9089584350586
4690,106.670654296875
4692,111.60518646240234
4693,94.00839233398438
4697,92.97676849365234
4700,111.6347885131836
4702,111.48851776123047
4707,114.7859115600586
4708,93.32555389404297
4710,87.97394561767578
4716,102.09892272949219
4717,94.0894775390625
4718,95.79043579101562
4720,94.50466918945312
4721,78.933349609375
4723,96.1961441040039
4726,110.55308532714844
4727,92.35311889648438
4729,98.78134155273438
4731,95.8725814819336
4732,111.6133041381836
4735,99.75334167480469
4736,104.65660095214844
4737,94.46966552734375
4738,111.47637939453125
4739,110.44654846191406
4744,103.65193939208984
4747,96.63551330566406
4749,108.29078674316406
4750,93.32555389404297
4752,111.91490936279297
4755,95.21148681640625
4756,99.99794006347656
4757,111.88903045654297
4758,92.18331146240234
4759,105.44074249267578
4763,94.0894775390625
4764,107.46070098876953
4765,94.58122253417969
4766,93.73309326171875
4767,111.5427017211914
4769,108.57421112060547
4770,97.07673645019531
4771,79.49497985839844
4772,104.5060806274414
4774,111.85224151611328
4776,102.37348937988281
4777,109.12828826904297
4778,101.66747283935547
4780,94.16007995605469
4784,95.02005004882812
4786,94.7549819946289
4787,78.64631652832031
4788,102.01546478271484
4789,111.91490936279297
4791,104.11981964111328
4792,94.64110565185547
4795,110.77088928222656
4796,94.10140991210938
4803,94.884521484375
4805,94.17955017089844
4807,96.01268768310547
4809,92.9833755493164
4816,96.26296997070312
4817,79.51170349121094
4818,92.35348510742188
4820,96.51594543457031
4821,103.37316131591797
4823,110.98973846435547
4824,93.78658294677734
4825,107.6403579711914
4829,102.93891143798828
4830,95.7071304321289
4831,111.46186828613281
4833,105.41177368164062
4836,96.16435241699219
4837,111.9089584350586
4838,93.41000366210938
4840,95.33561706542969
4841,78.88434600830078
4842,94.3507308959961
4843,111.28488159179688
4844,95.99491119384766
4849,107.31627655029297
4851,100.27483367919922
4852,95.09004974365234
4858,94.13579559326172
4860,95.7071304321289
4863,110.56255340576172
4864,95.16393280029297
4865,111.09420776367188
4867,105.69679260253906
4868,94.1794662475586
4869,110.38764190673828
4873,90.9682846069336
4875,95.32823944091797
4876,111.42398071289062
4877,96.47787475585938
4878,110.09563446044922
4880,78.67364501953125
4886,111.42410278320312
4888,104.69556427001953
4889,94.88911437988281
4890,109.110107421875
4893,94.94898223876953
4895,97.408935546875
4896,103.42887878417969
4899,93.7207260131836
4901,100.93085479736328
4902,111.34965515136719
4903,93.66339111328125
4904,111.91490936279297
4910,93.86231231689453
4912,93.58975219726562
4915,100.19477081298828
4916,105.16753387451172
4917,95.01560974121094
4920,104.5060806274414
4927,102.26956939697266
4928,95.95112609863281
4931,102.81857299804688
4934,94.83863830566406
4936,96.37776947021484
4939,110.39537811279297
4942,111.20835876464844
4943,95.88260650634766
4944,106.84381103515625
4945,97.06352233886719
4947,110.43742370605469
4948,94.74364471435547
4951,96.01268768310547
4952,111.91490936279297
4953,94.17728424072266
4956,93.66339111328125
4957,110.57694244384766
4958,95.17993927001953
4960,96.26436614990234
4968,93.39705657958984
4969,107.97116088867188
4971,97.8782958984375
4973,111.92586517333984
4975,112.38956451416016
4976,95.8782958984375
4978,93.09508514404297
4979,110.00223541259766
4982,95.04168701171875
4983,108.95054626464844
4984,95.54417419433594
4985,114.84172058105469
4986,95.99295806884766
4987,114.18478393554688
4988,96.27327728271484
4994,99.16642761230469
4995,95.52954864501953
5002,81.14871978759766
5004,94.5671157836914
5005,105.11363983154297
5006,94.62002563476562
5007,103.50279998779297
5009,106.94871520996094
5011,111.92586517333984
5014,97.69977569580078
5015,106.1062240600586
5018,94.58101654052734
5019,110.77191162109375
5020,95.13338470458984
5021,106.85204315185547
5022,98.94086456298828
5023,94.62775421142578
5025,95.84825897216797
5032,95.98490905761719
5034,93.98628997802734
5036,94.45108032226562
5038,98.97187042236328
5039,110.5938720703125
5046,99.6895980834961
5049,110.77191162109375
5051,99.83025360107422
5052,96.5975570678711
5053,111.85224151611328
5054,95.73130798339844
5055,94.72122192382812
5057,93.47879791259766
5059,97.76234436035156
5062,102.35418701171875
5063,112.02464294433594
5065,113.11204528808594
5069,93.876708984375
5071,98.35507202148438
5074,102.538330078125
5075,94.84307098388672
5076,111.31938934326172
5077,78.67364501953125
5079,105.58651733398438
5080,94.73197174072266
5081,111.92586517333984
5083,106.6221694946289
5088,105.88509368896484
5089,94.77338409423828
5093,109.51941680908203
5094,106.39689636230469
5095,94.97576141357422
5099,105.11705780029297
5101,109.17794799804688
5103,103.55155181884766
5104,95.71862030029297
5105,108.85653686523438
5107,93.52933502197266
5108,112.20357513427734
5109,95.16059875488281
5111,95.63288116455078
5112,110.38417053222656
5113,98.7308349609375
5114,105.60291290283203
5115,93.97599029541016
5118,95.0193099975586
5122,95.73130798339844
5123,78.712158203125
5125,95.08539581298828
5127,105.31571960449219
5128,99.43341064453125
5129,112.21052551269531
5132,94.64508819580078
5134,110.60836791992188
5135,96.15914916992188
5137,107.41059112548828
5142,93.20711517333984
5143,100.26744079589844
5144,94.1690673828125
5148,94.11358642578125
5149,94.51966857910156
5150,104.99984741210938
5154,78.65815734863281
5155,97.07716369628906
5159,99.4422836303711
5164,95.39948272705078
5165,111.04188537597656
5166,95.13027954101562
5167,111.27603149414062
5169,93.75458526611328
5171,93.54586029052734
5172,111.83619689941406
5176,96.99183654785156
5184,108.95664978027344
5185,101.60358428955078
5186,112.95977020263672
5188,107.62728118896484
5189,111.22370910644531
5190,93.76187133789062
5191,111.04188537597656
5193,110.85430908203125
5196,94.0745849609375
5199,79.47968292236328
5200,104.23394012451172
5203,93.63214111328125
5204,110.983154296875
5205,94.33602905273438
5207,96.01597595214844
5208,103.890625
5212,101.40143585205078
5214,98.56192779541016
5218,95.87946319580078
5220,94.18733978271484
5222,92.39517211914062
5224,97.69429016113281
5225,104.5060806274414
5227,110.28244018554688
5229,102.65982818603516
5232,92.57307434082031
5233,113.79137420654297
5234,106.46611022949219
5237,109.9694595336914
5239,106.61649322509766
5240,94.02000427246094
5241,110.79573059082031
5244,95.66197204589844
5248,107.82328033447266
5251,93.18408966064453
5253,93.47297668457031
5255,93.13160705566406
5256,101.29644775390625
5257,104.65221405029297
5259,100.89400482177734
5260,111.13833618164062
5266,97.55599212646484
5268,93.9341049194336
5275,111.91490936279297
5276,103.58607482910156
5277,96.45326232910156
5279,93.42250061035156
5280,102.61068725585938
5281,92.17394256591797
5283,100.1215591430664
5284,79.25251770019531
5285,95.52954864501953
5286,101.5745620727539
5287,98.42669677734375
5289,94.99163055419922
5290,110.85430908203125
5292,108.69599914550781
5293,94.76841735839844
5294,99.62503051757812
5297,93.46339416503906
5299,98.91322326660156
5302,94.62515258789062
5305,78.8770751953125
5306,93.53754425048828
5308,94.71757507324219
5309,94.65115356445312
5310,108.03813171386719
5312,107.81744384765625
5316,109.04718017578125
5317,94.12274932861328
5319,78.712158203125
5320,95.79234313964844
5323,96.51970672607422
5329,108.55620574951172
5331,109.83543395996094
5334,108.84867858886719
5336,112.0968017578125
5338,104.45738220214844
5341,95.93177795410156
5345,94.38072967529297
5348,93.67637634277344
5349,102.06132507324219
5355,108.2957992553711
5356,99.48941802978516
5360,108.80172729492188
5362,109.75568389892578
5364,111.19412994384766
5366,105.87928771972656
5367,99.20095825195312
5368,94.01115417480469
5370,96.65945434570312
5371,78.71072387695312
5373,107.05193328857422
5375,109.9694595336914
5376,93.63214111328125
5378,111.1860122680664
5379,99.14671325683594
5383,97.03779602050781
5384,106.3868179321289
5389,110.10932159423828
5391,80.10697174072266
5393,108.48470306396484
5395,110.19611358642578
5397,108.9329833984375
5398,94.62779998779297
5399,111.44989776611328
5401,115.98296356201172
5402,96.58000946044922
5403,109.98512268066406
5404,94.35928344726562
5407,78.69633483886719
5408,93.13146209716797
5413,106.75598907470703
5414,94.93265533447266
5417,94.05951690673828
5418,108.69599914550781
5420,109.77708435058594
5421,93.45089721679688
5424,96.02493286132812
5425,110.983154296875
5426,94.83999633789062
5429,108.72412872314453
5431,94.14225769042969
5437,104.86721801757812
5440,93.60902404785156
5444,106.40514373779297
5446,105.09095764160156
5447,97.974609375
5451,98.4127197265625
5452,106.5804443359375
5455,106.46611022949219
5456,93.51632690429688
5458,94.30123901367188
5459,104.61128234863281
5460,94.22666931152344
5462,94.57435607910156
5463,109.84765625
5464,94.96363067626953
5465,111.45982360839844
5466,97.62226867675781
5467,102.3222427368164
5468,98.37770080566406
5469,111.72026824951172
5472,94.07073211669922
5474,96.0697250366211
5475,110.98798370361328
5476,95.75049591064453
5479,102.7485580444336
5480,109.74058532714844
5482,107.91606140136719
5485,93.69575500488281
5486,116.65518951416016
5488,80.91224670410156
5495,102.65982818603516
5496,98.49610137939453
5497,111.876708984375
5499,110.43365478515625
5503,93.6214828491211
5504,95.33455657958984
5507,97.37118530273438
5509,95.75959777832031
5511,94.07620239257812
5512,110.3644027709961
5516,107.20741271972656
5517,93.81507110595703
5518,106.24629211425781
5521,94.27558135986328
5522,103.82048797607422
5527,97.66429138183594
5528,98.2376708984375
5529,111.1851806640625
5532,100.97061157226562
5533,111.21134185791016
5535,105.01034545898438
5536,100.62030029296875
5540,98.42268371582031
5547,96.4247817993164
5548,110.21147918701172
5550,81.19569396972656
5551,95.81771087646484
5554,106.79444885253906
5555,96.36932373046875
5559,110.88142395019531
5560,93.24773406982422
5561,110.67754364013672
5562,93.64900207519531
5563,109.25756072998047
5565,82.00932312011719
5566,99.4615249633789
5567,102.48908233642578
5568,92.04502868652344
5572,94.52217864990234
5574,94.73875427246094
5576,98.38057708740234
5579,110.0595703125
5580,78.28033447265625
5581,93.81084442138672
5583,94.29762268066406
5584,111.3375244140625
5586,111.2356185913086
5587,93.57992553710938
5589,104.38532257080078
5591,104.84219360351562
5592,91.91239166259766
5593,121.04225158691406
5594,94.61331939697266
5595,82.4167709350586
5596,111.9089584350586
5597,106.5693359375
5598,114.79290008544922
5599,96.75088500976562
5602,108.24826049804688
5603,94.61331939697266
5605,92.5855712890625
5607,93.37399291992188
5608,103.36006927490234
5609,94.82283782958984
5610,94.01253509521484
5612,94.45872497558594
5613,111.22370910644531
5614,93.97221374511719
5616,93.46680450439453
5621,94.7443618774414
5623,101.87930297851562
5628,112.6593246459961
5629,93.90441131591797
5631,105.05145263671875
5633,94.1451644897461
5638,108.28856658935547
5639,94.97723388671875
5640,105.12101745605469
5645,98.69062042236328
5646,80.97156524658203
5649,97.96943664550781
5653,108.38306427001953
5655,110.9627914428711
5656,95.7170639038086
5658,94.29583740234375
5662,116.5188980102539
5663,93.67020416259766
5667,93.77140808105469
5670,96.75088500976562
5671,104.63152313232422
5672,94.98097229003906
5673,104.36087036132812
5674,97.11300659179688
5675,108.87640380859375
5676,93.9639663696289
5679,111.85585021972656
5683,109.6010971069336
5687,94.70433807373047
5688,78.6258316040039
5690,94.21434020996094
5691,111.30931091308594
5692,93.8499984741211
5693,108.57401275634766
5694,95.66294860839844
5697,109.78844451904297
5698,93.37564086914062
5699,111.85585021972656
5704,96.51485443115234
5707,111.85585021972656
5709,103.24618530273438
5710,94.18962860107422
5714,96.18309783935547
5718,95.54067993164062
5721,94.01971435546875
5723,95.10871887207031
5724,113.23432159423828
5725,93.32555389404297
5726,110.99364471435547
5729,97.3575668334961
5730,105.71142578125
5731,96.597412109375
5733,78.76332092285156
5736,95.50467681884766
5741,100.72196197509766
5745,109.88166046142578
5747,94.97694396972656
5748,102.96173858642578
5750,110.38792419433594
5751,99.6864013671875
5752,93.51632690429688
5754,95.96249389648438
5755,101.7681884765625
5757,95.91092681884766
5758,115.07395935058594
5760,107.5621566772461
5762,104.28327178955078
5766,109.15589141845703
5768,95.85293579101562
5769,113.79137420654297
5770,98.12974548339844
5771,109.78441619873047
5772,93.80343627929688
5773,102.53817749023438
5774,95.41004943847656
5776,93.37710571289062
5777,111.85585021972656
5778,93.98201751708984
5780,110.5938720703125
5782,92.38650512695312
5783,80.34525299072266
5784,95.61863708496094
5786,98.48765563964844
5788,92.7093276977539
5789,108.65009307861328
5790,96.75088500976562
5791,102.63501739501953
5793,106.86384582519531
5794,94.33910369873047
5796,114.79331970214844
5797,97.0350112915039
5801,95.8437271118164
5803,94.70433807373047
5804,104.70018005371094
5805,94.51331329345703
5806,78.67364501953125
5808,110.77088928222656
5813,97.24436950683594
5815,94.157958984375
5816,109.44580078125
5822,93.77735900878906
5823,110.97664642333984
5825,103.9669418334961
5827,110.61458587646484
5829,104.38532257080078
5830,99.71381378173828
5831,111.35603332519531
5832,93.93997192382812
5833,110.77088928222656
5837,112.40924072265625
5838,95.75665283203125
5839,93.75065612792969
5842,105.12101745605469
5844,110.9427261352539
5845,105.56468963623047
5846,111.22286224365234
5848,78.67823791503906
5850,104.24897766113281
5851,92.7627944946289
5853,95.85293579101562
5854,103.65193939208984
5858,105.12101745605469
5860,110.51949310302734
5864,105.97575378417969
5866,94.5739974975586
5867,111.85585021972656
5868,94.85408782958984
5869,109.6199951171875
5870,93.68260192871094
5871,105.04003143310547
5874,111.04188537597656
5876,112.32015228271484
5877,93.33526611328125
5878,94.35712432861328
5879,110.7470703125
5880,95.59127807617188
5884,94.0885238647461
5886,110.55001831054688
5890,100.2852783203125
5896,98.19615936279297
5897,103.42477416992188
5898,95.85293579101562
5901,104.2998046875
5903,111.85224151611328
5906,94.01253509521484
5908,109.96788787841797
5909,94.04354858398438
5910,111.22370910644531
5911,96.66157531738281
5912,111.19412994384766
5914,111.04188537597656
5919,111.91490936279297
5924,93.98046875
5926,93.79388427734375
5929,101.42455291748047
5930,101.77367401123047
5932,94.17955017089844
5933,109.91177368164062
5934,96.63955688476562
5935,111.53564453125
5936,97.96127319335938
5937,110.39334869384766
5938,96.75923156738281
5939,104.97761535644531
5942,105.46739959716797
5943,94.2442398071289
5944,107.95530700683594
5946,109.74058532714844
5951,93.39075469970703
5953,103.81031036376953
5954,96.58794403076172
5957,106.15996551513672
5961,96.27442169189453
5962,105.36885833740234
5964,79.3464126586914
5965,95.68819427490234
5968,111.04188537597656
5969,95.59271240234375
5974,94.00756072998047
5975,105.6624755859375
5978,78.88434600830078
5981,106.19380187988281
5982,94.98133087158203
5983,112.11927795410156
5989,107.42633819580078
5991,94.23200225830078
5992,100.85747528076172
5995,96.28440856933594
5996,103.39080810546875
5997,110.9223403930664
5998,93.50421905517578
5999,79.6084213256836
6001,110.560302734375
6002,95.00992584228516
6003,101.90775299072266
6004,96.58794403076172
6006,111.65719604492188
6007,96.8305435180664
6011,99.19708251953125
6012,107.43846130371094
6014,96.66157531738281
6015,106.46529388427734
6016,92.22061157226562
6017,108.42868041992188
6018,95.7872314453125
6024,93.89900207519531
6025,103.30376434326172
6026,111.80718994140625
6028,107.25135040283203
6029,78.93095397949219
6030,99.919189453125
6036,111.04188537597656
6040,94.87383270263672
6041,110.55308532714844
6042,93.8242416381836
6044,98.36128997802734
6045,102.52152252197266
6047,104.61895751953125
6048,98.83795928955078
6049,108.69357299804688
6051,114.80776977539062
6052,118.84516906738281
6053,92.58628845214844
6054,110.60293579101562
6058,106.30560302734375
6059,102.56261444091797
6062,95.73420715332031
6063,114.85379791259766
6064,104.4367446899414
6065,94.87383270263672
6067,96.1380844116211
6068,110.68679809570312
6070,103.84883117675781
6071,101.29692077636719
6072,110.58888244628906
6080,110.58888244628906
6081,96.49852752685547
6084,105.32029724121094
6087,101.7681884765625
6089,105.96024322509766
6092,110.58888244628906
6094,92.99234771728516
6095,111.89360809326172
6097,113.580078125
6100,94.58562469482422
6104,105.42642974853516
6105,95.74272155761719
6106,107.70793914794922
6107,78.90479278564453
6108,101.06085205078125
6109,110.58888244628906
6110,94.18167114257812
6114,110.58888244628906
6116,95.17584991455078
6117,100.96244812011719
6118,95.13167572021484
6123,78.70929718017578
6125,111.85224151611328
6128,102.55059814453125
6130,105.57917022705078
6132,107.40274810791016
6137,80.0184555053711
6139,110.80552673339844
6140,94.39028930664062
6141,113.5205307006836
6142,107.0986328125
6144,98.8864517211914
6145,96.33509063720703
6146,101.77301025390625
6149,92.72087860107422
6156,93.80574798583984
6159,112.98800659179688
6160,94.39028930664062
6162,102.75094604492188
6164,111.28155517578125
6165,93.54869079589844
6168,78.9977798461914
6169,110.7470703125
6170,97.47408294677734
6171,106.75151062011719
6172,93.69036865234375
6173,111.48715209960938
6176,97.36029052734375
6177,93.13663482666016
6178,98.138427734375
6180,98.06387329101562
6181,102.57084655761719
6182,93.81328582763672
6185,91.68444061279297
6186,110.731201171875
6188,105.97669219970703
6189,95.32087707519531
6192,105.32029724121094
6193,94.23200225830078
6194,102.52152252197266
6195,93.72039794921875
6196,113.14672088623047
6197,94.64849853515625
6201,110.20079803466797
6202,94.00181579589844
6203,103.6497802734375
6204,95.64458465576172
6207,115.50994110107422
6209,95.49622344970703
6210,96.5990219116211
6211,110.43940734863281
6213,109.96453094482422
6216,93.36387634277344
6217,94.21880340576172
6219,94.45872497558594
6222,78.72239685058594
6223,99.55420684814453
6235,97.3982925415039
6240,96.5304183959961
6242,94.85159301757812
6247,97.11300659179688
6251,103.9067611694336
6254,109.44831085205078
6255,95.6373062133789
6260,104.7965316772461
6261,96.4247817993164
6262,105.47801208496094
6264,110.055419921875
6269,107.13543701171875
6271,109.06336212158203
6275,108.22875213623047
6276,93.93721008300781
6278,96.03549194335938
6279,110.10892486572266
6281,106.94428253173828
6284,93.1772232055664
6286,94.60818481445312
6287,80.41101837158203
6288,95.17312622070312
6292,94.40436553955078
6293,95.51433563232422
6295,98.08120727539062
6298,111.1860122680664
6300,110.86618041992188
6304,102.7485580444336
6308,111.1860122680664
6310,93.6019058227539
6312,110.58888244628906
6320,96.597412109375
6324,93.73961639404297
6325,110.37189483642578
6330,94.60791015625
6336,110.99698638916016
6340,107.23726654052734
6341,97.3982925415039
6342,107.88008880615234
6344,94.73527526855469
6345,110.38899230957031
6347,110.826171875
6348,94.74800872802734
6349,111.1860122680664
6351,78.63615417480469
6353,105.68936157226562
6354,95.24495697021484
6357,93.51580047607422
6358,106.2060317993164
6360,103.17913055419922
6363,112.7379150390625
6364,92.58863830566406
6368,113.04816436767578
6370,94.73529815673828
6371,96.51485443115234
6377,94.39571380615234
6379,94.86587524414062
6381,93.8140869140625
6382,78.64800262451172
6383,110.78924560546875
6388,110.09466552734375
6390,111.45626831054688
6392,104.38532257080078
6393,103.67135620117188
6395,94.76085662841797
6398,104.99024200439453
6401,78.67364501953125
6402,93.6566162109375
6403,111.42398071289062
6405,94.0500717163086
6406,93.93260192871094
6407,111.85585021972656
6409,103.82048797607422
6411,93.89546966552734
6413,95.25331115722656
6416,106.84188842773438
6417,102.52125549316406
6418,93.6057357788086
6419,116.44141387939453
6420,109.88184356689453
6426,107.32025146484375
6429,93.35269927978516
6430,94.20147705078125
6431,111.42398071289062
6432,95.44416809082031
6434,97.10035705566406
6437,110.89718627929688
6438,95.58434295654297
6439,106.279052734375
6440,94.26863861083984
6441,93.71726989746094
6442,110.24787902832031
6443,95.53133392333984
6445,95.01496124267578
6448,109.89583587646484
6450,110.51789855957031
6453,97.73109436035156
6455,100.05220794677734
6457,94.26049041748047
6458,108.36555480957031
6461,95.64566802978516
6464,111.3578872680664
6467,94.96902465820312
6469,97.51983642578125
6470,79.02013397216797
6471,94.39028930664062
6473,104.47048950195312
6474,94.20147705078125
6479,95.09413146972656
6481,95.83448791503906
6484,109.60311889648438
6495,102.07990264892578
6496,111.88621520996094
6505,109.61161804199219
6506,94.46924591064453
6508,97.28221130371094
6509,96.2843246459961
6510,102.7485580444336
6512,106.46929168701172
6513,96.51485443115234
6514,109.28565979003906
6515,93.9301986694336
6519,93.81584930419922
6521,95.14505767822266
6523,81.19569396972656
6525,105.12580108642578
6526,95.87356567382812
6528,94.19613647460938
6529,110.01383209228516
6531,109.17021942138672
6533,105.21907043457031
6534,95.1806411743164
6535,109.74058532714844
6536,93.21174621582031
6537,107.58843231201172
6540,93.80585479736328
6541,110.78924560546875
6547,95.44569396972656
6548,107.44738006591797
6551,110.12541198730469
6553,109.57225036621094
6555,106.92375183105469
6556,97.3651123046875
6561,78.92374420166016
6564,95.79488372802734
6565,109.74058532714844
6568,94.96908569335938
6569,110.24787902832031
6573,101.73098754882812
6574,95.5940933227539
6577,111.22817993164062
6579,112.7379150390625
6581,95.15513610839844
6582,111.40921783447266
6585,106.76372528076172
6586,98.99560546875
6589,106.07088470458984
6590,80.19015502929688
6593,99.72374725341797
6594,111.27967834472656
6595,103.15470123291016
6599,95.26675415039062
6600,95.04084777832031
6601,111.78955841064453
6602,92.58863830566406
6603,109.89583587646484
6604,97.47408294677734
6607,103.8148193359375
6608,105.22463989257812
6609,93.49671936035156
6611,96.41321563720703
6613,110.24787902832031
6614,94.00457763671875
6616,96.69332885742188
6617,110.24787902832031
6618,96.67855072021484
6619,102.00056457519531
6621,106.92375183105469
6627,107.07991027832031
6629,103.94866943359375
6631,78.65361022949219
6634,94.88965606689453
6636,96.51485443115234
6638,94.96908569335938
6639,110.24787902832031
6641,110.03813171386719
6642,93.3702621459961
6651,113.70401763916016
6654,79.5223388671875
6657,95.37128448486328
6663,94.24484252929688
6665,108.38803100585938
6666,102.31599426269531
6668,97.24436950683594
6669,107.25887298583984
6670,95.91664123535156
6671,94.53572082519531
6673,94.27703857421875
6675,93.44808197021484
6676,78.65643310546875
6677,94.19329833984375
6679,97.83268737792969
6680,110.48965454101562
6681,102.7485580444336
6685,102.68950653076172
6688,94.43484497070312
6689,94.01480865478516
6690,100.40185546875
6692,110.24787902832031
6693,94.71538543701172
6694,96.01597595214844
6698,116.189208984375
6699,93.20711517333984
6700,107.86581420898438
6701,94.26049041748047
6702,112.377197265625
6704,94.01480865478516
6707,109.47579193115234
6712,111.91490936279297
6713,93.74609375
6715,99.7817153930664
6721,108.88356018066406
6722,94.45872497558594
6723,105.44572448730469
6724,93.57727813720703
6725,116.00393676757812
6731,106.48631286621094
6735,79.43485260009766
6736,100.16707611083984
6737,104.42998504638672
6738,94.31784057617188
6739,100.3972396850586
6741,100.15269470214844
6743,93.85212707519531
6745,97.24436950683594
6747,106.61559295654297
6749,95.08075714111328
6750,104.73344421386719
6751,115.37596893310547
6752,98.64116668701172
6753,110.24787902832031
6755,107.21683502197266
6756,95.86918640136719
6757,102.19242858886719
6759,111.13614654541016
6761,93.69575500488281
6763,94.39028930664062
6764,113.86979675292969
6765,101.02144622802734
6766,109.6787109375
6768,111.65719604492188
6771,94.01480865478516
6773,94.3132095336914
6774,94.50971221923828
6778,98.57354736328125
6779,94.8823013305664
6781,92.42323303222656
6784,97.88238525390625
6786,93.78771209716797
6787,105.60808563232422
6790,94.59668731689453
6793,107.90582275390625
6795,110.31500244140625
6798,110.55392456054688
6806,105.348388671875
6807,95.6792984008789
6810,93.49747467041016
6815,109.75568389892578
6816,93.45616912841797
6817,95.80300903320312
6818,96.26599884033203
6819,104.61895751953125
6820,94.5156478881836
6822,95.14561462402344
6823,114.72509765625
6824,110.79573059082031
6825,96.43509674072266
6828,78.60688781738281
6829,108.84432983398438
6831,108.66463470458984
6832,95.04744720458984
6833,108.9789047241211
6834,94.39028930664062
6836,96.12139892578125
6837,111.91490936279297
6838,93.45341491699219
6840,104.74241638183594
6843,92.68121337890625
6845,92.57307434082031
6846,94.70939636230469
6847,108.73625946044922
6851,110.96699523925781
6852,94.80403137207031
6853,105.69377136230469
6858,96.76399230957031
6861,112.0968017578125
6863,111.78955841064453
6864,78.69633483886719
6865,94.18036651611328
6866,111.91490936279297
6867,94.21024322509766
6868,104.87616729736328
6869,96.62818908691406
6870,110.79573059082031
6874,108.43394470214844
6875,93.94757080078125
6877,111.24613952636719
6878,93.99329376220703
6880,96.81114959716797
6883,108.81993865966797
6884,95.39983367919922
6886,94.53977966308594
6890,100.72431182861328
6893,108.87474822998047
6894,94.23866271972656
6899,111.24613952636719
6900,92.9833755493164
6904,153.82000732421875
6905,111.1291732788086
6906,94.17179870605469
6910,94.07503509521484
6912,108.95370483398438
6913,111.63390350341797
6920,97.46846771240234
6922,93.47705841064453
6923,110.31500244140625
6926,95.23318481445312
6927,107.41902160644531
6928,94.33382415771484
6931,104.60636138916016
6933,94.22095489501953
6936,93.76228332519531
6937,111.91490936279297
6939,96.19459533691406
6941,94.07030487060547
6942,105.57530975341797
6943,99.89990997314453
6944,104.13671112060547
6945,94.19613647460938
6946,109.7630615234375
6947,114.75904846191406
6949,104.57398986816406
6951,104.98418426513672
6953,104.71028137207031
6954,94.33304595947266
6955,107.7621078491211
6963,110.10888671875
6964,94.44084167480469
6966,95.78726196289062
6968,93.71284484863281
6970,102.60633087158203
6972,108.08895111083984
6976,111.3720474243164
6978,111.91490936279297
6981,105.26294708251953
6985,104.40465545654297
6986,94.94977569580078
6987,107.87812042236328
6989,112.31324005126953
6991,114.72509765625
6993,110.17670440673828
6994,98.2376708984375
6995,111.65719604492188
6996,94.13592529296875
6997,111.04188537597656
6998,82.26187133789062
7001,110.52403259277344
7003,101.57119750976562
7006,94.1777114868164
7008,95.52790069580078
7010,92.57307434082031
7011,97.81668853759766
7012,96.88557434082031
7013,93.88099670410156
7014,110.81874084472656
7017,106.39307403564453
7018,96.90291595458984
7019,92.21550750732422
7023,94.24552917480469
7024,101.54146575927734
7025,96.53194427490234
7026,110.90473175048828
7027,94.88819885253906
7028,108.44580841064453
7030,110.31500244140625
7031,94.15936279296875
7033,109.1365737915039
7036,93.64034271240234
7037,95.08534240722656
7039,93.47901916503906
7044,94.18550109863281
7045,111.91490936279297
7046,98.7722396850586
7049,105.3794937133789
7050,98.51053619384766
7051,102.60633087158203
7054,111.7762451171875
7055,96.725341796875
7057,94.33155822753906
7060,111.24613952636719
7061,95.73130798339844
7063,92.42323303222656
7064,110.22978973388672
7067,96.81114959716797
7071,98.55804443359375
7074,104.6970443725586
7075,95.73295593261719
7078,111.91490936279297
7079,93.99388122558594
7080,108.69669342041016
7081,94.70103454589844
7082,111.85224151611328
7083,96.63280487060547
7085,111.39314270019531
7092,104.6133804321289
7094,95.40543365478516
7100,93.50630187988281
7101,110.06255340576172
7102,111.91490936279297
7104,109.41593933105469
7105,95.73130798339844
7106,96.51485443115234
7107,101.83482360839844
7108,78.29898834228516
7109,93.51830291748047
7110,111.91490936279297
7112,99.13294982910156
7113,102.7485580444336
7114,97.27599334716797
7116,111.89800262451172
7117,98.31524658203125
7118,100.77487182617188
7120,93.52323150634766
7121,105.92439270019531
7123,104.3409194946289
7124,99.3196029663086
7127,106.43827819824219
7131,103.91073608398438
7132,96.26599884033203
7133,92.58628845214844
7134,102.71504974365234
7135,93.99388122558594
7136,108.42737579345703
7137,93.87576293945312
7141,93.82122039794922
7144,103.82048797607422
7147,106.00474548339844
7148,95.29242706298828
7150,93.20048522949219
7151,93.52323150634766
7152,105.05634307861328
7154,94.95849609375
7156,94.21014404296875
7157,106.4465560913086
7159,114.85379791259766
7161,97.73831176757812
7163,95.92041778564453
7164,102.01506042480469
7167,78.67849731445312
7169,107.42488861083984
7170,94.37730407714844
7173,94.25829315185547
7174,98.04621887207031
7177,109.92781829833984
7178,104.17568969726562
7179,93.73199462890625
7180,78.1405258178711
7181,110.77191162109375
7182,93.8744125366211
7184,96.51485443115234
7185,111.5378646850586
7186,97.00455474853516
7187,112.2205810546875
7188,94.61470794677734
7189,107.63096618652344
7191,104.87158203125
7193,110.07792663574219
7197,93.87377166748047
7199,95.39057922363281
7200,111.85224151611328
7201,93.99388122558594
7204,92.9833755493164
7207,109.8607177734375
7209,111.78955841064453
7210,99.05628967285156
7211,106.0501708984375
7213,94.62714385986328
7214,111.04188537597656
7216,111.007080078125
7217,98.99628448486328
7220,111.1860122680664
7224,110.31500244140625
7225,93.93309020996094
7226,111.007080078125
7227,95.29371643066406
7234,111.5378646850586
7236,79.10531616210938
7239,105.8199462890625
7240,93.78062438964844
7242,114.2070541381836
7244,106.49882507324219
7245,94.12962341308594
7247,111.23152923583984
7248,93.4551773071289
7249,114.9619140625
7250,108.75980377197266
7251,93.81776428222656
7252,109.57720184326172
7253,78.69633483886719
7256,94.06243133544922
7260,94.35928344726562
7261,109.06633758544922
7264,102.37659454345703
7269,112.98551177978516
7270,93.95809173583984
7273,111.1860122680664
7279,90.38948059082031
7281,109.90394592285156
7284,126.6091079711914
7285,108.98530578613281
7286,114.79331970214844
7287,94.00839233398438
7289,96.597412109375
7292,95.29097747802734
7293,109.96788787841797
7296,94.94918823242188
7297,110.57306671142578
7298,93.51130676269531
7299,108.83563995361328
7301,103.39080810546875
7304,109.67115020751953
7306,107.29204559326172
7308,96.597412109375
7309,103.30668640136719
7312,95.0157241821289
7313,78.69633483886719
7314,94.2855453491211
7316,95.01432800292969
7319,111.60831451416016
7321,100.35575103759766
7323,94.49225616455078
7324,103.96903991699219
7325,95.66876220703125
7328,104.83953857421875
7330,78.76814270019531
7334,95.25519561767578
7337,111.47225952148438
7338,100.61947631835938
7339,93.88093566894531
7341,93.99259948730469
7342,110.89718627929688
7344,109.74747467041016
7345,108.57997131347656
7347,110.01227569580078
7349,109.90394592285156
7350,93.68546295166016
7353,119.8175048828125
7355,111.0846939086914
7356,95.61664581298828
7357,111.38646697998047
7358,98.90251159667969
7360,94.63976287841797
7363,107.68417358398438
7364,93.9639663696289
7366,105.3145751953125
7368,94.19613647460938
7369,110.6590576171875
7370,93.17923736572266
7373,93.95268249511719
7374,109.92656707763672
7375,95.71759796142578
7377,94.21842956542969
7379,95.31795501708984
7380,113.55581665039062
7382,110.3249740600586
7383,94.15340423583984
7385,96.18619537353516
7386,107.9970703125
7391,95.99087524414062
7394,95.36161041259766
7396,108.75980377197266
7397,95.36634826660156
7399,94.49038696289062
7400,104.93421173095703
7403,78.69603729248047
7405,110.01519012451172
7408,109.23920440673828
7414,112.06168365478516
7416,105.11389923095703
7417,95.18814086914062
7419,93.98358154296875
7420,99.66966247558594
7421,95.79106903076172
7422,94.58025360107422
7423,104.65782165527344
7425,80.22523498535156
7430,97.94419860839844
7432,95.0258560180664
7433,97.31782531738281
7434,109.83179473876953
7436,110.81128692626953
7437,93.62792205810547
7438,105.12901306152344
7440,105.0614242553711
7441,96.00367736816406
7442,107.9127197265625
7445,103.40505981445312
7446,104.72261047363281
7448,109.55547332763672
7450,107.47702026367188
7451,96.4247817993164
7454,102.51105499267578
7455,96.24040985107422
7457,108.63861083984375
7459,105.78458404541016
7462,96.71974182128906
7464,96.4247817993164
7465,108.38803100585938
7466,93.96833801269531
7467,106.72163391113281
7469,109.255615234375
7472,98.46166229248047
7473,110.26274108886719
7479,95.25519561767578
7480,104.80876922607422
7484,108.16555786132812
7491,94.23200225830078
7494,107.0978012084961
7495,96.06031799316406
7501,93.71302795410156
7503,93.47879791259766
7504,102.7485580444336
7505,97.47408294677734
7508,110.59833526611328
7509,93.04405212402344
7510,78.69633483886719
7511,113.22001647949219
7515,104.3376235961914
7516,106.33491516113281
7517,93.47752380371094
7518,105.58809661865234
7519,94.22190856933594
7521,96.36296844482422
7522,104.80122375488281
7524,101.77111053466797
7526,104.8088150024414
7527,94.30448913574219
7528,105.3331069946289
7529,94.17540740966797
7534,110.20843505859375
7537,111.3384017944336
7538,96.26197814941406
7540,98.65950775146484
7541,110.52635955810547
7545,110.8729476928711
7551,110.89264678955078
7553,96.3679428100586
7554,104.8509750366211
7555,93.4693374633789
7561,111.24826049804688
7562,97.26526641845703
7564,96.41618347167969
7565,105.1033706665039
7566,92.99895477294922
7567,106.0213394165039
7569,104.83173370361328
7570,100.54220581054688
7571,113.70401763916016
7572,99.98265075683594
7574,97.55530548095703
7578,109.28486633300781
7579,93.66741943359375
7586,97.23047637939453
7587,92.64546203613281
7590,94.20147705078125
7593,110.26274108886719
7594,95.7345962524414
7595,92.99895477294922
7600,93.79161834716797
7601,80.12731170654297
7602,94.30776977539062
7603,107.00863647460938
7604,94.91069793701172
7606,95.02470397949219
7608,111.72932434082031
7613,80.09686279296875
7615,108.69807434082031
7616,111.09922790527344
7617,110.8927230834961
7618,94.30448913574219
7619,102.59795379638672
7622,98.8475112915039
7623,103.66610717773438
7624,94.75387573242188
7625,105.9488525390625
7626,96.46971893310547
7627,104.40170288085938
7628,79.353271484375
7631,107.11652374267578
7632,102.68950653076172
7633,94.79749298095703
7634,100.98929595947266
7635,93.75733184814453
7636,111.04188537597656
7637,111.04188537597656
7639,93.40995788574219
7640,78.67364501953125
7644,111.85224151611328
7645,94.04071044921875
7648,104.75965881347656
7649,93.13160705566406
7650,110.80439758300781
7652,108.38803100585938
7653,95.38130187988281
7655,95.7953109741211
7659,107.77986145019531
7662,94.36990356445312
7664,93.83432006835938
7666,100.90496826171875
7668,97.08013153076172
7669,107.15251159667969
7670,98.26317596435547
7672,98.92977142333984
7673,110.27543640136719
7678,93.97249603271484
7679,82.63369750976562
7680,105.21907043457031
7683,93.25103759765625
7685,114.79331970214844
7688,96.88851165771484
7690,110.4814453125
7692,94.21302795410156
7693,94.18435668945312
7695,111.47225952148438
7696,95.43233489990234
7698,94.6308364868164
7699,106.95137786865234
7702,94.52815246582031
7703,111.007080078125
7704,95.71797943115234
7707,113.22001647949219
7713,79.17092895507812
7715,100.837646484375
7717,110.31597900390625
7718,98.67308807373047
7719,101.63733673095703
7721,101.48898315429688
7722,94.78106689453125
7725,102.60789489746094
7727,102.74554443359375
7730,80.36490631103516
7733,116.69636535644531
7735,105.07418823242188
7740,111.04188537597656
7741,108.68352508544922
7742,94.70641326904297
7744,108.13346099853516
7747,95.40543365478516
7750,83.45185852050781
7752,109.17411041259766
7754,109.96694946289062
7756,104.28145599365234
7757,95.62928771972656
7758,104.3994140625
7760,105.48741149902344
7761,93.57801055908203
7763,107.44882202148438
7765,95.25331115722656
7767,111.04188537597656
7768,94.25729370117188
7771,95.10712432861328
7773,93.78771209716797
7774,110.51375579833984
7776,108.09318542480469
7779,96.90858459472656
7783,94.46772003173828
7786,99.54059600830078
7787,99.33118438720703
7789,96.22754669189453
7791,94.17540740966797
7793,95.53250122070312
7794,109.28627014160156
7795,94.71944427490234
7799,78.73401641845703
7800,107.45325469970703
7802,96.63416290283203
7805,105.97804260253906
7807,104.67533874511719
7808,96.2845458984375
7811,104.56800842285156
7817,111.02794647216797
7818,102.67742156982422
7819,96.57548522949219
7822,94.1968765258789
7823,109.1803970336914
7825,112.13973236083984
7828,93.44717407226562
7832,94.35928344726562
7833,79.9896240234375
7834,112.97169494628906
7835,97.32935333251953
7837,93.27684783935547
7840,95.24781036376953
7842,94.01091003417969
7843,105.76263427734375
7844,94.02670288085938
7846,93.57801055908203
7850,105.70362091064453
7853,111.89800262451172
7855,111.70087432861328
7858,95.9766845703125
7863,109.1802978515625
7865,111.91490936279297
7866,95.09536743164062
7868,93.52703857421875
7869,108.48954772949219
7871,78.67849731445312
7872,107.52738952636719
7874,104.7474136352539
7877,111.41199493408203
7878,94.26049041748047
7879,101.73857879638672
7881,93.89251708984375
7883,95.50230407714844
7885,101.27874755859375
7886,96.43276977539062
7889,99.865966796875
7890,106.18864440917969
7891,96.3299560546875
7893,94.62399291992188
7894,104.93460845947266
7896,110.82923889160156
7898,104.54645538330078
7901,95.90826416015625
7902,110.2211685180664
7904,121.22577667236328
7905,94.78851318359375
7906,104.47724151611328
7909,100.50208282470703
7910,103.64413452148438
7913,96.5024642944336
7918,111.91490936279297
7919,93.99388122558594
7923,93.77250671386719
7925,93.83561706542969
7927,92.64469909667969
7930,101.63134002685547
7932,100.59393310546875
7933,96.79019165039062
7935,93.98636627197266
7939,109.00886535644531
7942,93.55939483642578
7943,109.41680145263672
7945,106.18309020996094
7946,94.19613647460938
7948,96.19334411621094
7949,110.26160430908203
7950,93.98269653320312
7951,111.04188537597656
7955,105.98545837402344
7959,94.26799011230469
7960,111.04188537597656
7961,98.61554718017578
7962,102.26934051513672
7964,96.52369689941406
7965,94.64898681640625
7966,111.85224151611328
7967,106.10680389404297
7968,94.66841125488281
7971,106.80012512207031
7974,93.99388122558594
7976,102.28878784179688
7978,111.86859130859375
7982,111.04188537597656
7983,96.58794403076172
7984,104.61895751953125
7986,94.21475982666016
7989,110.26160430908203
7991,110.2211685180664
7992,108.68870544433594
7993,94.95696258544922
7994,111.91490936279297
7995,94.35928344726562
7997,97.62566375732422
7998,104.61895751953125
7999,111.02794647216797
8002,94.5761489868164
8007,93.80023193359375
8009,96.87359619140625
8011,97.58006286621094
8013,94.11803436279297
8015,107.03128051757812
8017,111.16828155517578
8019,114.79331970214844
8023,96.51876068115234
8024,110.89718627929688
8026,110.12541198730469
8027,93.50843048095703
8029,96.53901672363281
8030,105.75466918945312
8031,93.78911590576172
8033,99.48661041259766
8035,96.74969482421875
8036,105.80290222167969
8039,106.02693939208984
8042,92.58863830566406
8044,95.59123992919922
8046,80.20635223388672
8048,111.36433410644531
8049,94.78851318359375
8050,104.68838500976562
8053,99.6390380859375
8054,94.33379364013672
8059,95.93677520751953
8061,94.67635345458984
8062,110.3895263671875
8064,111.1860122680664
8066,102.47740936279297
8067,98.51968383789062
8068,95.1163330078125
8070,96.31819915771484
8071,112.2419204711914
8072,93.29151916503906
8076,93.72526550292969
8080,93.69895935058594
8081,107.76402282714844
8084,98.49296569824219
8087,108.85267639160156
8089,92.85912322998047
8090,113.79137420654297
8091,104.73299407958984
8094,108.06061553955078
8100,93.65560150146484
8101,93.20790100097656
8110,93.32576751708984
8111,110.2211685180664
8112,93.5986328125
8115,107.94744873046875
8116,102.28318786621094
8118,111.1860122680664
8121,116.80511474609375
8125,108.8388442993164
8127,109.92692565917969
8128,95.33200073242188
8129,109.0418930053711
8131,94.6975326538086
8138,93.89768981933594
8139,103.7900390625
8140,95.86614990234375
8141,93.78771209716797
8142,112.15869140625
8143,106.34168243408203
8145,110.12541198730469
8146,93.54266357421875
8148,111.78955841064453
8153,110.67105865478516
8154,93.78133392333984
8155,111.31673431396484
8161,94.67252349853516
8162,107.66053771972656
8163,93.00733947753906
8166,111.65625762939453
8168,111.99185180664062
8170,93.56177520751953
8172,110.01227569580078
8173,93.99388122558594
8176,103.8400650024414
8179,97.76243591308594
8181,94.24778747558594
8182,114.77841186523438
8184,112.13829803466797
8190,104.99984741210938
8191,96.25117492675781
8194,108.86429595947266
8196,104.599609375
8198,110.73818969726562
8199,107.19050598144531
8201,110.17671203613281
8202,94.79554748535156
8207,94.64898681640625
8208,108.97349548339844
8211,111.70225524902344
8214,107.88233184814453
8217,98.05731201171875
8218,108.91386413574219
8222,95.84758758544922
8229,104.46678924560547
8231,93.81414031982422
8233,98.49925231933594
8236,97.05219268798828
8238,111.47225952148438
8240,104.73779296875
8243,106.45883178710938
8246,110.58125305175781
8250,93.6745376586914
8254,94.7549819946289
8256,79.06036376953125
8257,108.56581115722656
8258,93.82463836669922
8260,96.8807144165039
8261,108.60794067382812
8263,113.91437530517578
8264,93.89768981933594
8267,110.07891082763672
8268,94.00839233398438
8271,93.51643371582031
8272,108.97349548339844
8275,98.42774200439453
8276,92.96852111816406
8277,104.4471435546875
8278,114.8388900756836
8279,93.5861587524414
8280,110.43578338623047
8281,94.01971435546875
8282,108.89250183105469
8287,107.93955993652344
8288,93.99388122558594
8289,110.451416015625
8294,93.84774017333984
8296,93.78771209716797
8299,105.71322631835938
8302,103.82048797607422
8308,110.25731658935547
8314,102.39404296875
8315,96.60638427734375
8316,105.7296371459961
8317,97.7269287109375
8319,108.29421997070312
8320,92.60303497314453
8321,114.79295349121094
8323,93.47879791259766
8325,99.13125610351562
8326,110.60182189941406
8328,109.94107055664062
8330,107.55034637451172
8331,94.33379364013672
8332,109.78292083740234
8334,94.32617950439453
8338,93.37958526611328
8339,95.38150024414062
8341,93.70957946777344
8345,109.86795043945312
8346,94.24778747558594
8347,102.65167999267578
8349,94.18429565429688
8351,94.67252349853516
8352,110.66310119628906
8353,109.94107055664062
8355,108.2707290649414
8358,111.06088256835938
8359,107.55034637451172
8360,93.75895690917969
8361,110.76050567626953
8363,96.12850189208984
8364,93.79302978515625
8365,94.09677124023438
8366,102.7485580444336
8370,109.94476318359375
8372,94.63833618164062
8376,94.1928939819336
8377,106.12992858886719
8379,108.7542953491211
8380,96.217041015625
8381,102.21556854248047
8386,93.69036865234375
8388,100.2975082397461
8389,94.29605102539062
8391,110.2249755859375
8394,94.7549819946289
8396,108.80723571777344
8398,107.66131591796875
8400,107.89857482910156
8401,94.33379364013672
8404,93.70957946777344
8407,94.64508819580078
8408,110.89759826660156
8409,110.1095199584961
8410,104.99513244628906
8411,96.99518585205078
8413,95.81660461425781
8414,111.70293426513672
8416,94.69001770019531
